userName,score,content,at
Lucy Shikuru,1,"deveria ter a opção de fazer mais atividades por dia, mais tirando isso é um ótimo app de ensino sobre programação, mais infelizmente só tem a primeira parte o resto tem que pagar, gostaria que mudace isso enfim indo desinstalar",2026-09-26 11:26:57
joshua ysrael,4,deveriam fornecer mais chaves em troca de assistir anúncios,2026-09-23 18:08:16
Gabriel Sant'ana da Rocha,1,"tive problema com as assinaturas. primeiro me apareceu a oferta de 1 ano por 99 reais, paguei, depois por algum motivo não contabilizou na minha conta, aí paguei os 199,99 que em teoria seriam 1 ano, hoje no cartão recebi a compra dnv e não consigo reembolsar. sinceramente eu fiquei até meio desanimado de continuar no aplicativo depois de tudo isso.",2026-09-23 16:05:53
arthurg 2216N,5,Muito bem explicativo e fácil de entender e aprender,2026-09-23 07:35:15
Guilherme Ruppel,5,Maís fácil e intuitivo aprender programar junto com ele!,2026-09-19 06:49:56
raul gonc,4,muito bom poderia só poder estudar um pouco mais no plano gratuito,2026-09-18 14:02:21
kaydo games,4,muito bom mas pago,2026-09-17 00:51:49
Miguel Garcia,4,"muito bom, porém poderia ensinar de uma forma mais fácil pra quem ta aprendendo do 0",2026-09-15 18:10:59
Larissa Silva,5,"está sendo maravilhoso ☺️ porém acho que poderia ter mais uma chave extra, mas tudo bem está ótimo assim também",2026-09-14 19:47:43
João Victor,5,falta mais conteúdo,2026-09-14 17:09:45
Antonia Almeida,5,"Estou gostando muito, o app é muito intuitivo e fácil de entender.",2026-09-13 18:52:13
Gabriel Rodrigues,3,"ele realmente explica muito bem, mas não vai 5 estrelas pois, tudo nele é pago, você só pode fazer 2 lições por dia, tem um limite de projetos que pode fazer, até pra ganhar certificado precisa pagar, o preço é muito caro também",2026-09-12 23:20:10
Michael Santos,3,"Eu terminei todos os cursos. Porém eu acredito que deveriam colocar camadas de estudo. Por exemplo, ter um New Game+ onde ainda continuar estudar e evoluir. E neste New Game + ter camadas de estudos mais avançadas do que a primeira vez, não que fique mais difícil, mas conseguir abranger melhor os conteúdos jogando uma segunda ou terceira vez. Na primeira vez, entendo que tem que ser rápido, mas nas próximas vezes, como dominamos o básico, deveria ter mais conteúdo para nos tornar especialistas.",2026-09-11 07:58:53
Jorge 005,4,"queria que o assistente de ia me ajudasse com as lições na minha língua que é português brasileiro. porém ele nunca fica definido para português brasileiro, sempre para inglês e eu tenho de ficar pedindo para ele traduzir as lições para minha língua. isso é bem cansativo.. seria bom se ele me ajudasse em português brasileiro automaticamente.",2026-09-10 16:37:47
Ian Vianini,1,"Aplicativo ""caro"" e por assinatura, as funcionalidades são extremamente limitadas para um usuario gratuito, é forçada a criaçao de conta para prosseguir na trilha mesmo sem a intenção de comprar a assinatura. (nota abaixada por resposta generica e automatizada )",2026-09-08 18:36:28
Frederico Alves,5,Estou gostando bastante da didática. Só gostaria de pedir que na versão desktop do Max tivesse o idioma pt-br.,2026-09-08 13:13:50
Denise Mendes,4,e legal mais e um pouco difícil de aprender a programar,2026-09-05 13:24:00
Maria Zilda,5,"Esse app é muito bom, me ajudou muito! Eu estava com dificuldade em programar, e não estava entendendo como funcionava, e esse app me facilitou muito!",2026-09-02 09:47:28
Lucas Mendes Ribeiro,5,uma forma fácil de aprender,2026-08-27 09:04:11
rennan,3,"Estou gostando, mas preciso fazer a mesma lição várias vezes pois dá falha na conexão, ou algum outro problema que não salva a missão no final. Tá acontecendo com bastante frequência aqui!",2026-08-25 07:55:26
Ramon Finkler,4,"Achei ruim o recurso das chaves, está muito demorado para quem não paga fazer as lições, tirando isso o app é bom",2026-08-24 13:29:17
Zilmara Cunha,5,"Amei o aplicativo!! Fácil de entender, ensina passo a passo programação, excelente pra quem tá começando.",2026-08-22 16:06:47
Samuel Brito da Silva,5,"Excelente aplicativo para estudos e memorização de código, peguei a versão pro na promoção. Uma sugestão é um teste de nivelamento para poder pular os níveis mais básicos de linguagens que o usuário já tem conhecimento, e aí o app poderia atribuir uma sessão sugerida para iniciar com base no que já sabemos.",2026-08-20 17:22:10
Ventura Faustino,5,"É um aplicativo muito eficiente, simples de usar e fácil de entender",2026-08-20 09:04:43
Kevin Batista,3,"De verdade eu achei o app muito bom, mas ter somente duas chaves por dia é bem complicado.... acho que a empresa poderia ser um pouco menos mercenária e dar mais chaves para os de plano free. Ta parecendo até hoyoverse no início de Genshin Impact dando migalhas pros jogadores.",2026-08-18 23:30:16
Isabella Cruz,5,o app é legal mas boa parte é pago.,2026-08-18 08:20:05
Vitor Reis,3,"Eu dou essa avaliação aqui, e não é por ele ter anúncios e essas outras coisas. Mas sim, porque eu mexo em um MOBILADOR, e por incrível que pareça, assim como o Duolingo ele não vira a tela 🔄. E eu achei o com o uso do mobilador iria ajudar mais, mas na verdade nem ajuda, já que o app não vira a tela o que me deixou muito indignado. Então por favor criadora desse app, permita esse app de fazer a tela virar, assim irá ajudar alguns usuários seus. O app não é ruim, mas esse defeito...",2026-08-17 09:46:35
Luciene Ramos B. Teixeira,5,Muito mais fácil aprender a programar,2026-08-16 09:04:12
Mariana Pais,5,"É muito divertido como ele ensina,e me ajudou muito as propagandas nem aparecem e eu recomendo muito",2026-08-13 10:53:40
Style_bad,4,aplicativo muito bom de estudos de programação recomendo pra quem é iniciante tem uma linguagem simples e fácil de entender 🥹🥹🥹,2026-08-12 17:51:03
Ana Linhares,2,o aplicativo tem o modo gratuito e pago você começa a fazer tarefas mais depois não consegue mais só se pagar.,2026-08-08 23:47:23
Keilane Pires monteiro,5,um app muito bom recomendo usar caso queira programar e não tem anúncios o que me surpreendeu,2026-08-07 21:32:15
Cleberson B,2,"Aplicativo até que é bom pra aprender o básico. Sou usuário do plus, que não é barato, mas parece que deixaram ruim só pra te obrigar a seguir pro max. O que me desmotivou é ter que refazer várias vezes uma atividade porque no final da atividade o app da erro de conexão mesmo estando sempre conectado.",2026-08-07 12:33:25
Samuel Epiphanio,5,cinema ótimo e fácil para aprender,2026-08-02 19:56:29
Augusto Batista Gomes,3,"eu usava quando ele n tinha essas chaves, o que acaba dificultando o aprendizado, antes eram três corações, enquanto vc não perdesse os corações poderia fazer quantas atividades quisessem.",2026-07-31 14:06:59
Sansei,4,"o app é muito bom pra mim que sou iniciante e que tenho vontade de aprender sobre, mas acho a limitação de chaves no plano simples tanto um benefício quanto um malefício, por limitar o aprendizado um pouco, mas forçar uma pausa tbm. e tenho que dizer q já fui prejudicado, pq já cheguei a gastar chaves em lições e não foi computado como feitas e ainda perdi minha sequência. não sei se foi problema do app ou do aparelho, mas espero que melhorem isso",2026-07-31 11:58:58
Heitor Campos Rosa,5,aplicativo é muito bom para entender programação (quero trabalhar com programação no futuro) o único problema é o sistema de chaves que considero pouco por dia (2 por dia é muito pouco) mas o pacote anual compensa muito. Recomendo,2026-07-30 18:50:19
Leticia Oliveira,4,"O aplicativo é muito bom, mas tem um sério problema pra carregar as lições no 4g. Muitas vezes ele não reconhece o progresso ao final de um bloco educativo e você precisa repetir tudo de novo e gastar mais uma chave, sendo que já estava completo.",2026-07-28 12:29:29
Edilson Junior / Poke,3,"o aplicativo é MUITO útil, de fato! mas infelizmente agora já não se pode alternar a visualização entre código e navegador ao completar as lições, e isso é bem ruim. 😔",2026-07-27 08:04:50
Cristal Sprestes,1,a aplicativo é pago teste grátis de 14 dias que antes de começar o curso e a aprender já precisa confirmar receber a cobrança após os 14 dias,2026-07-25 20:10:14
Ryan Petit King,3,"O APP em si é super fixe e dá pra entender facilmente as lições, apesar de usarem apenas português brasileiro 0 problema é que exigem a versão pro ou só aprendes com duas chaves o que só são duas lições por dia devia ser mais como Duolingo permitir compar as chaves sem pro ,ver anúncios ou qualquer cena do tipo",2026-07-25 05:24:46
Pedrocas 33,5,não tem anúncio é muito bom,2026-07-24 21:41:01
lucas cagneti,4,"Estou no início e o app parece ser muito bom, mas o limite de estudos por dia é algo ruim, acho que não deveria literalmente ser limitado, talvez a venda de tentativas por anúncios seria bom.",2026-07-23 01:19:45
Tiago,5,"Que aplicação bom, ele ensina os códigos de maneira super fácil, torna o aprendizado bem tranquilo e bom, eu queria ter dinheiro para pagar o modo pro, pq é muito bom aprender com ele, ele torna tudo muito divertido e ensina muito bem, antes eu achava programação algo impossível, mais hoje percebo que é bem mais fácil do que parece",2026-07-21 17:30:48
Amanda Vilela,4,"Eu gosto bastante do mimo, apesar de fazer falta uns estímulos a mais ao todo. Ainda assim, não acho que seja um app pra você só aprender lá... Tá mais pra um app de reforçar o que você estuda por fora, ou você estudar por fora oq aprende no app.",2026-07-20 23:29:33
pedro icaro rodrigues,5,"ótimo aplicativo, muito fácil de aprender.",2026-07-19 07:18:37
Davi Lucca,2,eu só estudei só um pouco Mas eu achei muito ruim como por exemplo eu tenho 11 anos eu não entendo palavras difíceis e até todos as programações são tudo em inglês não é sua tradução de qualquer palavra é as programações como por exemplo se tal de let no Brasil não existe isso por favor coloca tudo em português,2026-07-18 15:42:23
MURILOXD,2,"é bom.. mas as aulas sao faceis demais, em cada lição vc quase aprende nada!! ele so repete coisas q vc ja sabe, alem de que você so pode fazer duas lições no dia, e só! e pra fazer mais tem que pagar! RUIM",2026-07-17 08:33:08
Vinicius Henrique,3,está com problemas no login com a conta google,2026-07-14 11:23:09
Joel Nicolau Neto,5,"O app merece 5 estrelas é muitíssimo bom, e para além do mais ainda tem o idioma português e é bastante fácil entender as aulas. Mas precisa melhorar o fluxo do sistema de desbloqueio de lição 2 chaves, se a rede cai as chaves já erá. Mas o fluxo de desbloqueio com corações também não é o essencial. Talvez possam pensar num outro fluxo de desbloqueio de lições, mas por outro lado o app é muito bom🤯🤯🤯",2026-07-12 15:53:37
Eduardo Henrique,4,"Aplicativo muito bom,ele faz exatamente o que propõe,muito facil de aprender. Acho só que são poucas lições que eu posso fazer no dia. Esse aplicativo podia ter uma ia com acesso o que você já aprendeu para você poder fazer perguntas",2026-07-10 09:10:38
Cleverson Red (RED),1,"Estou a quase dois meses com a assinatura pro, peguei a anual, mas infelizmente os erros de concluir o exercício e o app não regista por fala que está sem internet e a internet está normal tem sido constante comigo, sempre compro item de proteção da sequência, porém os mesmos não se aplicam. Abrir chamado de reclamação sobre isso e não tive retorno ainda. Gostaria muito de fazer o upgrade para o Max, porém sem esses ajustes não me sinto à vontade para adquirir ele.",2026-07-09 09:39:41
Marco Tattoo,1,"Então comprei um mês do pacote para aprender e o app não avança travou em um projeto e eu fiquei impedido de aprender porquê ele sempre volta no tal projeto de aspirante e não vai prá frente, como resolver isso sem perder meus dias de assinatura que paguei e não posso aprender .",2026-07-08 17:20:39
Finbar LM,2,Muito caro e no grátis é muito pouco que se pode fazer. Para pagar 200 reais eu compro um curso.,2026-07-07 11:16:39
Dri_,4,Podia dar mais chaves diariamente,2026-07-07 09:23:17
Marina Ongaro,1,completamente pago.,2026-07-06 11:17:12
Juan Mendonça da Silva,3,e fácil de aprender e muito bom,2026-07-04 23:47:23
Francisco Ferreira,5,"Muito fácil de aprender sou menor de idade e mesmo sem saber o mínimo de programação, já aprendi muita coisa só com 15 minutos nesta aplicação, 5 estrelas",2026-07-03 20:09:12
Nuno Freitas,2,"Apesar do conteudo e design interessante depois de comprar o plano pro que promete acesso ao curso completo, para os exercícios pede para usar o computador, quando abro no computador pede para pagar mais para um plano diferente e mais caro, resumindo paguei para fazer o curso de python mas não tenho acesso a tudo, senti-me enganado.",2026-07-03 18:15:29
Suhelem Lima,4,"É muito bom, mas poderiam dar a opção de assistir vídeos para ganhar chaves.",2026-07-03 14:59:59
Vitor Gutierrez,3,"aplicativo bom. fácil de mexer e entender. Apenas acho que deveriam tirar as chaves. ou, pelo menos, aumentar a quantidade.",2026-07-02 10:15:28
Heitor Silvestre,5,Perfeito! eu aprendi muitas coisas e já estou preparado para o mais difícil literalmente incrível,2026-07-01 21:15:00
Bruna Maria Mendonça,5,"mtt bomm,amei ,estou aprendendo mts coisas que tinha dificuldade",2026-07-01 15:48:34
Kalleb gabriel,3,poderiam adicionar mais linguagens um exemplo legal seria lua,2026-06-30 16:47:19
Marcos Vinicius,3,"É um aplicativo muito bom, o problema é que a versão gratuita só te deixa fazer duas atividades por dia o que é muito pouco. Nele, você faz atividades e aprende realmente fazendo, o mascote te mostra o exemplo, você responde questões e faz exercícios interativos de digitar ou selecionar o código. Há dicas para chegar a solução. Usava antes desta atualização e gostava bastante, vou deixar de usar pois para mim não vale a pena o ritmo de aprendizado limitado às chaves.",2026-06-30 12:27:03
Davi Gabriel rodrigues bombarde,5,app ótimo muito bom para aprender mais fica aparecendo muita propaganda para compra o pro deles,2026-06-28 15:03:02
Black,5,é muito bom e fácil de usar,2026-06-28 13:27:44
Marina Yumi,1,"O app é prático e ensina do zero, porém faz a assinatura automática sem confirmação. Me sento prejudicada porque nao esperava. Muito triste.",2026-06-27 10:53:30
João Gabriel Reis,2,"Em 2025, ele foi um excelente app para eu aprender sobre cada linguagem disponível nele. Um app ainda muito prático e bem fácil de entender (consegui aprender a lógica da maiorias das linguagens nele inclusive), só que de repente fizeram algo muito estanho que no plano gratuito você pode praticar somente 2 vezes. Sinceramente achei muito ridículo para um app muito bom pois antigamente o sistema de coração era muito melhor. se voltasse como era antes provavelmente seria muito mais favorável :D",2026-06-24 22:21:29
Dalila Pasturczak Pereira,4,poderia ter ao menos 5 chaves no modo gratuito,2026-06-24 20:51:16
Gabriel Carvalho,2,"Oque da a entender e que eles botaram esse sistema de chaves PARA FORÇA a pagar o pro deles,pq pelo menos quando tinha vidas era chato quando as vidas acabava mas pelo menos era aceitável,agora nesse sistema de chaves estragou a graça e limita o querer da pessoa de estuda,amava usar mas vou partir para outra plataforma por esse ""limite"" de estudos",2026-06-23 20:11:39
Elson Lima,2,"Poderia ser ótimo mas é muito limitado no modo gratuito. Seguiram bastante o modo que o Duolingo faz, com exceção desse limite de lições desapontador para forçar a pagar o modo Pro.",2026-06-21 20:18:07
Rodrigo Silva,5,"Ótimo, fácil de usar, impressionante!",2026-06-21 00:01:07
HallanBR,2,"não gostei dessas últimas atualização na qual implementaram as chaves, porque as vezes você já até sabe o conteúdo e tá ali mais pra relembrar do que aprender e você quer progredir rápido, aí as chaves te obrigam a gastar dinheiro ou manter um ritmo muito lento com esse limite de 2 chaves grátis por dia",2026-06-20 22:37:09
robson areco,3,"ele funciona bem e ensina de forma simples e intuitiva, mas eu desisti por um motivo: chaves, para fazer tudo você precisa delas e é um completo SACO, até as práticas precisam de chaves oque é ridículo, você recebe 2 por dia sem pagar nada e para piorar não tem como comprar elas na loja, só com dinheiro real ou com aquela desgraça de assinatura PRO, eu entendo que vocês tem que garantir o miojo do pessoal que trabalha mas porfavor, eu quero fazer mais de uma lição por dia de graça pelo menos...",2026-06-20 16:21:52
Sarah Loca,5,"ótimo, muito fácil de aprender. Recomendo muito pra quem quer aprender de um jeito fácil e simples",2026-06-19 12:12:50
felizinha,5,"Muito bom! Eu tô aprendendo bastante, a interface é muito bonita e intuitiva! Gostei muito do aplicativo, mas acho que seria ainda mais legal se desse pra ter mais chaves em um dia sabe, tipo ver propagandas pra conseguir um pouco mais de chaves e poder aprender mais, porque acho só 2 chaves pouco. Apesar disso, é um aplicativo muito bom pra quem tá começando agora nisso de programação e tudo!",2026-06-18 17:33:50
maria júlia,2,"A estética e interface do jogo é bem divertida e legal, mas peca em permitir que o usuário de fato se divirta e aprenda por causa da falta de chaves o que limita pra usar o aplicativo somente uma vez no dia. Minha primeira vez usando e ao mesmo tempo que me atrai também me afasta por causa que precisa pagar pra acessar o conteúdo.",2026-06-17 19:02:46
Edilson Afonso,3,O único problema são as chaves que são muito poucas,2026-06-17 13:24:40
João Davi,3,"eu não tô entendendo nada, esses ensinamentos de HTML tão meio confusos , não tô nem entendendo direito que é uma",2026-06-17 09:22:49
Gabriel Vitorio,5,"Olha eu tô aprendendo para um caramba e muito divertido, mas o problema que e viciante, você faz um exercício e da vontade de fazer muito mais, vai acabar comprando o Premium, falo isso com experiência própria comecei ontem já estou comprando Premium de um ano.",2026-06-16 07:06:38
Pedro Salgado Ferraz,1,"esse app seria 5 estrelas, mas só da pra fazer 2 lições por dia sem pagar. não faz sentido, poderia ter um sistema de assisitr propaganda e poder fazer mais lição só que não tem. com a ia da pra aprender programação 1000 vezes mais rápido, eu adorava esse app, mas gosto de fazer varias lições por dia, desse jeito não dá",2026-06-13 10:54:16
Elgato,5,"Aplicativo extremamente bom, mas poderia adicionar o curso de NoSql! Também ensinar document.querySelect("""") invés de getbyid("""") e getbyclass("""").",2026-06-12 20:11:05
Klevson Junior,3,"não curti essa ideia das chaves, se queriam mais dinheiro colocassem mais anúncios.",2026-06-11 20:45:38
Fernando Couto dos Anjos,5,"aplicativo fácil para quem nunca começou na programação, tranquilo de usar, linguagem fácil, super recomendo",2026-06-11 12:25:28
Heitor,5,"Aplicativo muito bom, simples e fácil de usar até o momento tem sido muito bom.",2026-06-11 11:52:49
Segunda Accont,4,"o app é muito bom, não dá pra deixar de comparar com o Duolingo. A questão de só dar duas chaves por dia é meio chato, poderia dar um tempo pra elas recarregarem. Também falta um pouco de estímulo do app, o design é bom, só que falta mais movimento e efeitos sonoros. faço isso em seguida do Duolingo e sinto que fica sendo meio vazio em comparação",2026-06-10 21:38:59
Fabio Roberto,5,até agora está bom fácil entendimento só poderia ter mais chaves no modo grátis,2026-06-10 02:12:35
Myst3riousm4st3r,1,"Aplicativo incrível com a mesma proposta do Duolingo mas um pouco melhor com o mesmo sistema de vidas, podia praticar as lições que estava aprendendo mesmo sem ter vidas muito bom. Eu recomendaria muito se não tivesse trocado esse sistema de vidas onde você se esforçava para não errar e se manter aprendendo mais, por um sistema ruim de chaves onde você consegue completar duas lições diárias mas não importa se você acertou ou errou, tirando aquela vontade de entender e aprender para não perder.",2026-06-09 13:01:09
Isabella,5,"aprendemos de forma fácil, mesmo sendo pouco tempo de aula observa-se que flui bastante, estou adorando o app.",2026-06-08 20:18:06
RyomiiZx,2,"nos primeiros dias usei a versão free, e consegui o pro grátis por algumas semanas, deletei o app na primeira semana pelo fato que ele é um aplicativo americano que é ""adaptado"" para o pt-br, por que é em português porem na parte do html é td em inglês, não estou falando das tags, e sim da escrita, e o que dificulta entender o que o app está querendo que eu altere, e alem de usar palavras que não usamos no cotidiano e ficar difícil a compreensão, sem contar que no free é muito limitado.",2026-06-08 19:03:58
Luciano Guerreiro,1,Há limite no número de lições diárias. E é muito pouco. Além de propagandas.,2026-06-07 02:26:59
Rodrigo PADARATZ,3,"O aplicativo é pago, gratuito para download, mas para usar você precisa ter um plano, tive que baixar pra saber, talvez um outro dia eu volto, até mais!",2026-06-04 22:55:50
Rodrigo júnior,5,"até então está ótimo, espero que conforme eu avançar a dificuldade aumente...",2026-06-03 10:47:28
Bernardo,3,"Eu ODIEI o app, mas tem motivo. O novo sistema de chaves completamente injusto par a usuários que não querem pagar. 2 chaves por dia e mais nada é extremamente nada! Programação necessita prática e esse ""freio de mão"" é inadmissível. Eu reinstalei o app a partir de um tempo e ao perceber isso me deixou muito chateado e perdi ânimo. Não vou instalar mais o app até isso melhorar. Até logo...",2026-06-02 12:47:55
Calebe Martins,1,mt caro,2026-06-01 20:50:05
Miguel Fernandes,4,"este app é muito bom estou aprendendo a programar com ele,já fiz meu primeiro site,porém,o único problema dele são as chaves e os ads que aparecem sempre que você sai de uma atividade o anúncio fala para você evoluir sua assinatura,e também ele está com problema no login e na hora que você loga no site alguns botões que você aperta só que ele trava e fica carregando infinitamente como o login que só funciona com a conta Google com o e-mail não dá,e às vezes quando você entra no site ele trava",2026-06-01 12:10:47
Pedro Cruz,5,MUINTO fácil de manusear,2026-05-31 09:16:16
joao rosario,5,"É incrível. Graças ao Mimo vou começar aprender mais sobre Computação óptimo para o meu Curso que já comecei e tive dificuldades mas vou superar com a Mimo. Poderia ter também mais linguagens de computação como C++, C, etc. Também é um deponomia para quem tem Tdah. É como se fosse a ""Duolingo da Computação""",2026-05-30 15:16:59
Bernardo Noronha,5,"Muito bom, App de muito fácil aprendizado!",2026-05-29 11:58:35
Lunarys Lunarys,4,"ajuda muito, um app muito bom, e fácil de usar e de se aprender parabéns ☺️",2026-05-29 02:25:34
Lex Netto,4,"Muito bom, só é frustrante so ter 2 chaves por dia! Podia ter mais chaves, adcionando gradualmente em um tempo menor e/ou com a opção de conseguir mais chaves fazendo atividades ou assistindo propaganda!",2026-05-27 19:08:39
Júlia T.,5,"Muito bom, fácil de usar!",2026-05-26 15:14:26
Henrico,4,"o aplicativo é bom, porem, ele da poucas chaves e exige chaves de mais do q nos é dado diariamente, consigo fazer apenas 1 nivel ou menos com as 2 chaves diarias. poderia ser 1 chave por nivel e dar umas 3 chaves pelo menos, mas tirando isso é um ótimo aplicativo para qm busca aprender.",2026-05-26 06:47:20
Pedro Henrique Ribeiro de goes,5,"MUITO BOM ESSE APP basicamente e um aplicativo que vc pode aprender programação DE QUAL QUER ÁREA,e eu estou entendo as aulas bem, mas uma coisa. que poderia add vídeos aulas mas tudo bem, RECOMENDO ESSE APP",2026-05-25 22:07:39
Eduardo Del Conte Silva,4,"ótimo aplicativo, porém poderia ter mais opções gratuitas do curso, é muito caro pagar o curso completo",2026-05-25 18:49:02
Lázaro Gomes,5,aprendizado muito fácil,2026-05-25 06:29:53
Pedro Henrique,2,"é um bom app, grandíssimo potencial porém venho enfrentando problemas como bugs diários e outros problemas que não esquenta a cabeça mas atrapalham a experiência. entendi que para manter o app em pé, é necessário recursos financeiros e etc mas se eu já enfrento problemas com o app sem pagar ele, imagina pagar para ter ""liberdade"" e ainda continuar com bugs ? assim vocês perdem poder de barganha. da para aprender bastante linguagem de graça somente com IA",2026-05-24 15:54:53
wljkfmv (Kira.),5,"eu passei todas as minhas aulas do meu curso dormindo, então o Mimo me ensinou tudo do zero como se eu fosse uma criança, isso é muito bom mesmo. mas mesmo com 5 estrelas, eu acho injusto termos apenas um prompt para visualizarmos como seria o nosso site ou aplicativo, sem falar que eu fui testar e não deu muito certo, também temos que pagar para termos a versão beta no dispositivo, então fica difícil de avaliar e identificar erros",2026-05-23 10:28:38
Arthur e Bento Rambor,4,"eu acho que o Mimo pode ensinar muito mas o problema é que nessa última atualização trouxe as chaves e basicamente limitou quase tudo, para alguns foi bom, mas para mim nao foi porque você só pode fazer 2 aulas por dia (a melhor parte é que você pode refazer sem gastar chave depois que você concluir uma etapa)",2026-05-21 21:29:31
Eraldo Araujo,3,Após a atualização fica muito ruim de aprender com o limite de 2 chaves por dia.,2026-05-21 16:33:13
Fernando Barbosa Ferreira,5,"Cumpre muito bem com o prometido, então vale a pena instalar e estudar! Assim que possível farei a assinatura! (Comentário feito há mais de um ano). Hoje (21/05/26) fiz a assinatura e até agora estou satisfeito, porém concordo com outros usuários, esse negócio de somente duas chaves por dia não rola! Mudem isso, por gentileza.",2026-05-21 09:30:58
Deivet Farias,5,Muito fácil de aprender,2026-05-21 07:48:56
Luan,2,"é realmente bom, mas só vou dar essa avaliação pois é muito difícil manter a sequência, o app deveria ter mais avisos ou ser mais interativo pra que seja melhor de fazer todos os dias, a widget desse aplicativo também é super bugada nunca aparece a sequência.",2026-05-21 02:36:55
Makiesse José,5,"Já experimentei várias ferramentas educacional, mas a mimo se destaca. É intuitiva e fácil de usar.",2026-05-19 11:37:46
User User,4,Bom! Mas... gostaria que tivesse em português Brasil.,2026-05-18 21:21:08
Auren,1,Poderia ser melhor,2026-05-18 20:17:55
Viccenzo Weschenfelder,5,"Muito bom, estou aprendendo rápido, parece que as atividades realmente são eficientes, único problema, apenas duas lições diárias, para mim, uma pessoa rápida, que quer tudo pronto rápido, 2 lições são pouco para mim, mas parabéns ótimo aplicativo.",2026-05-18 19:54:52
Mv Oliver,2,"Interessante, mas sem assinatura mal dá pra ter uma noção do aplicativo. É exatamente limitado e sendo assim eu não consegui avaliar se compensaria ou não fazer assinatura. Mas pelo pouco que vi até que não era ruim",2026-05-17 21:21:16
Fernando Giannelly,2,o app é muito bom mas esse negócio de chaves ficou meio ruim pra estudar só da pra fazer duas lições por dia e mesmo depois de completar vc não consegue praticar a mesma lição,2026-05-17 21:06:50
Bernardo Martins,4,"o mimo um dos melhores apps para aprender programação e outras coisas, criar sites de graça sem utilizar ia, mimo, executar códigos, mimo, tem um problema porque eu não coloquei cinco estrelas, se você tá sem internet e completa uma parte de um nível você pede uma chave não ganha XP e não mostra que você passou da parte do nível ):",2026-05-16 20:42:16
Edgar Júnio,3,"O app é muito bom e bem completo, mas limita muito com apenas 2 chaves, podia liberar as chaves nem que seja com anúncios, também convidei 2 amigos e não liberou semana grátis.",2026-05-15 00:13:32
Isabelly Vitória,5,Este app é simplesmente maravilhoso! ele ensina de forma clara e simples as coisas o que torna muito fácil o aprendizado!,2026-05-13 12:53:23
Izabel Silva,5,estou aprendendo mt com esse aplicativo ele e mt divertido e fácil de entender,2026-05-13 12:05:27
Gabriel Douglas,3,"O aplicativo é legal para aprender, mas desde quando eu paguei um ano, ele tá apresentando erro. Quando finalizo minha lição, ele não termina, fala que estou offline e faz eu fazer tudo de novo (aí da certo). Cancelei a assinatura anual já...",2026-05-10 16:15:04
José,4,"muito ruim só poder usar duas chaves por dia,tirando isso é muito bom pra iniciantes",2026-05-10 06:11:22
Luciane Santos,5,"Minha experiência sendo uma nova usuária, me diz até agora que o app é muito fácil, e prático para o aprendizado, sem mencionar o fato de não ter necessidade de gastar muito tempo nele!",2026-05-07 17:27:30
Luiz Otávio Bressiani,4,"muito bom o app, aprendi muito na jornada da python, javascript, HTML e CSS, mas poderiam adicionar novos cursos como Ruby, C++, C, C#, Swift, PHP, Rust, Go e outras, tirando isso o app é simplesmente incrível, perfeito para aquele tempo de sobra durante o onibus, recomendo!",2026-05-07 16:41:36
Ewerton Barbosa,5,"excelente, caro mas excelente",2026-05-07 09:33:34
Djulianica Andrade,4,"Muito bom para aprender programação adorei! Mas, a limitação de chaves, é um problema, cada lição custa uma chave, e o máximo são 2 chaves, quero que voltem com o sistema de vidas.",2026-05-02 18:51:48
Ksousa,4,"O app ele é ótimo para reforçar muitas coisas. Mas a questão das chaves é o que atrapalha, podia ter jeito de comprar usando as moedas, já que são bem poucas, ou em vez de usar chaves, serem ""vidas"" onde quando vc erra, pode diminuir uma, e ir passando as rotas. 2 chaves é muito pouco, e eu toda vez termino rapidamente com elas.",2026-05-01 22:24:06
Vicente José,5,este aplicativo é muito bom é fácil de aprender programar ensina passo a passo de como se faz aprendi muito com este aplicativo,2026-04-30 15:34:00
joao pedro,1,"Apenas duas chaves por dia, forçando a assinatura de um plano para ter chaves ilimitadas.",2026-04-22 16:27:37
Arthur Sandim,4,"depois dessa atualização de adicionar limite diario de 2 chaves, sem possibilidade de conseguir outras gratuitamente, como no Duolingo, ficou bem ruim de manter a consistência. ainda é bom como apoio, mas perdeu muito do que me atraía, que era a possibilidade de fazer exercícios rapidos pra manter a cabeça sempre pensando em programação",2026-04-22 13:03:21
Isabelle Carvalho,5,"sensacional, mais poderia disponibilizar mais chaves por dia",2026-04-19 11:51:34
uan denk,5,"O aplicativo poderia prender mais o pessoal dentro do aplicativo. Ao invés de esperar 2 horas pra poder voltar a fazer os exércitos, a pessoa poderia recarregar vendo um vídeo de propaganda do próprio aplicativo Mimo mostrando os benefícios de ser nível Pro. Quanto mais a pessoa fica saindo do App, a probabilidade dela voltar é mínima. E o app ainda zera as ofensivas quando passa 24h sem ter como recuperar, aí desanima ainda mais.",2026-04-17 21:25:04
Leandro Valota Nazareno,5,"Aplicativo muito bom, vi que recentemente tem muitas reclamações mas comigo, tive poucos problemas a única coisa que me deixa um pouco incomodado é que eu paguei pelo pro, que vc tem chaves ilimitadas ou seja pode fazer quantas lições quiser por dia, porém as vezes dá um problema que ele me fala que minhas chaves acabaram aí tenho que fechar o app e abrir novamente para funcionar de resto tudo 100%. Claro que vc não vai fazer tudo e sair como um monstro da programação é só o básico mas já ajuda",2026-04-17 08:37:33
Pedro Augusto,3,eu gosto muito do app e aprendi html e css com ele no ano passado porem eu gostaria que a mecanica de chaves funcionasse somente em uma licao oermitindo ir aprender 2 niveis do que so 1 ou menos entretanto reconhece que assim a pessoa cursando o curso tenha que revisar mais as aulas do quer so ir indo rapido demais mas aind asssim sinto falta do tempo que dava pra hipeficar e terminar o curso em 2 semanas kkkkkkk,2026-04-15 16:23:35
Isabel,5,"Bem fácil de aprender, simples e dinâmico.",2026-04-15 12:45:39
Rafael Silveira,4,"Ainda estou testando, e o primeiro problema já ocorreu na inicialização. O app conduz o usuário com um questionário. Até aí, tudo bem. Só que ao iniciar meu curso, percebi que o idioma estava todo em inglês. Então fui nas configurações e mudei o idioma, e adivinha? o curso continuou em inglês. Eu tive que excluir a conta e recomeçar tudo de novo, porque o curso foi escolhido antes de mudar o idioma do app. Agora está ok. Se houver novos bugs, aviso!",2026-04-14 23:07:13
Yan Lucas,3,e muito bom mas botou a chave e ficou MUITO RUIM (edit:poderia comprar chaves com dinheiro),2026-04-14 14:04:05
Gabriel Bergamo,1,"O mínimo seria avisar que o certificado é pago, perdi tempo a toa.",2026-04-13 20:51:42
Ana lima,1,"esse sistema de chaves tá muito ruim, voltem com os corações",2026-04-13 17:44:51
missões possiveis,3,"poderia ter uma forma mais fácil de conseguir chaves, para realizar as atividades. mas o app é muito bom",2026-04-13 12:55:31
Jefferson Henrique,5,Muito intuitivo e fácil de aprender a programar.,2026-04-12 21:35:24
Mahoraga Adptado,5,"aaaaa, poderia ter o modo offline também.🥺",2026-04-10 18:11:50
JOÃO MARCOS VICTORIA PEREIRA,5,ja aprendi a como fazer um buttao e nao é caro 199 por ano pena que sou pobre e nao tenho cartao de credito.,2026-04-10 09:32:35
Almir Rogerio Santos,4,muito bom aprendi muito mas acho que poderiam botar pra escolher qual código de programação começar porquê eu queria começar pelo código de programação lua,2026-04-09 22:18:30
Monara Araujo,4,"Não que eu tenha feito todos os cursos ou seja especialista, mas já achei quase perfeito. Além de ensinar bem, ainda tem playground pra treinar! Só vi um problema: quando você termina a primeira parte, aí você tem duas ""chaves""(cada chave libera uma lição) por dia, mas, se você faz a lição mas não tá com a melhor internet do mundo, aí a lição que é bom ele não registra que você fez, mas a chave que é ruim ele registra, aí você perde chave e ainda tem que fazer a mesma lição de novo 😅",2026-04-08 17:12:57
Leonardo Bonawitz,3,"o app é muito divertido e explica muito bem só queria dizer para vocês tirarem esse maldito sistema de chaves,serio eu odeio essas chaves queria poder estudar o quanto eu quisesse por dia tirem as chaves e voltem com o sistema de vidas e eu dou 5 estrelas(ganhar moedas também está bem difícil)",2026-04-08 09:37:50
Tiago Carneiro Nascimento,4,"Conteúdo muito bom, mas consigo identificar que falta um melhora na UX, talvez animar mais, colocar sons mais contagiantes e motivadores, uma paleta de cores mais viva, me parece um Bootstrap seco, quando eu comparo com o Duolingo (apesar de ser áreas distintas, mas ser o processo parecido ""apredizado de linguagens"") sinto essa sensação que poderia ser melhor, o Widget poderia ser mais enfático também, espero não estar desmotivando os Devs e o Front-End, foi apenas uma crítica construtiva.",2026-04-07 17:26:55
Marcos Rodrigo Costa Lima,4,"a ideia do app é muito interessante e o site em si é muito bom, a falha dele é a quantidade de chaves que você ganha por dia, poderia ter uma forma de ganhar essas chaves...",2026-04-07 11:54:53
Hábia Coutinho,5,"O Mimo é um ótimo app para aprender programação. A interface é bonita e fácil de usar, e a tradução para PT-BR é boa (apesar de alguns termos técnicos que poderiam ficar em inglês). As explicações são claras e detalhadas, e os exercícios ajudam bastante na prática. A área de programação é funcional, mas a biblioteca é um pouco limitada. Como ponto negativo, muitos projetos só funcionam no computador e falta interação entre usuários.",2026-04-06 05:13:39
Carlos Antônio,1,muito bom mas recomendaria melhorar a inteligência artificial ela simplesmente comente erros e a pessoa detalha no prompt a função dela perguntar mais tipo ela pode perguntar umas 10 vezes ou você pode responder apenas as três vezes e depois pular o resto mas quanto mais ela perguntar melhor para ele entender seu prompt,2026-04-03 17:54:32
Laura Ayres,4,"Realmente é para principiantes. Comecei com outro, desisti. Com o Mimo a linguagem está fazendo sentido. Tirei uma estrela! Estava gostando e já pensando em assinar mas, desapareceram os corações, as moedas e agora aparecem chaves que me impedem de continuar...chato isto! Lendo as avaliações: fiquei preocupada com os bugs e em dúvida sobre a assinatura. Tem mais de um tipo de assinatura? Exercícios que só posso fazer no computador? Recebi uma oferta de Primavera, mas está confusa!",2026-04-02 02:12:32
Marcos Jr,4,"O aplicativo é muito bom, mas tem alguns bugs, um deles é que não consigo inserir textos nos inputs de html. E o pior de todos: já era difícil fazer algumas aulas com poucos corações e agora meteram essa chavinha que só dá pra fazer 2 atividades no dia, agora estão forçando a pagar o app...",2026-03-30 22:05:26
Artur Parente,1,"o app era otimo mas agora com esse sistema de chaves vc é limitado a apenas 2 tarefas por dia, isso não deveria ser assim isso é basicamente um limitador de estudo podia pelo menos ter a opção de assistir um anuncio para ganhar mais chaves",2026-03-29 06:39:06
Torvi i,3,"Aplicativo muito bugado e confuso, namoral. Tem tudo pra ficar melhor.",2026-03-28 23:48:01
PereiraMariane Andrade,4,"É uma boa maneira de aprender mas ,poderia melhorar esse sistema de corações",2026-03-28 21:44:04
João Fernandes Cruz,4,muito bom e prático para aprender o único problema que pra fazer mais de 2 lições por dia é obrigado a pagar,2026-03-28 14:04:17
Lucas Pires,1,"App bom mas falta opção de pular etapas fazendo um questionário igual Duolingo, é chato ficar no começo, se colocaram essa opção só pra premium erraram aí",2026-03-26 17:53:48
Arielly Scarpate,5,"gostei muito, muito prático e fácil de aprender",2026-03-25 21:29:38
Isaac Samuel,4,"App bom só depois que assina o plano pro, antes disso tem anúncios e o aplicativo fica em inglês",2026-03-23 11:23:00
Dimitri,5,"Eu adorei aprender programação com esse app! Ele é muito bem feito, e estou me divertindo bastante enquanto aprendo! Só achei meio ruim o sistema de chaves, que tem certas lições que precisam de chaves para serem feitas. Mas fora isso, o app é perfeito!",2026-03-22 10:37:41
Bianca K. S. Antunes,3,"ficou bem ruim após a limitação das jogadas por ""chaves""... você pode praticar só 2 vezes no dia no plano gratuito...",2026-03-21 12:35:22
Richard Souza (Shadow_RHZ),5,muito bom para melhorar e aprender programação,2026-03-18 17:47:52
Felipe Henrique,1,cancelei a comprar gostaria de receber o estorno,2026-03-18 17:31:31
nevasca gentil,3,seria legal se tivesse a opção de aprender linguagem de programação LUA,2026-03-18 14:19:10
Tiago Coelho Justo,1,Versão mais nova está com problemas. Não é possível abrir o aplicativo para fazer uma lição.,2026-03-18 07:56:07
Carlos Cesar,1,"Cuidado não baixem eu caí no golpe desse aplicativo baixei por curiosidade pra ver como era e fui usar o período grátis e não consegui cancelar a assinatura, é só pra enganar quem for testar, Cuidado!",2026-03-13 12:11:24
MATHEUS FELYPE,4,"Aplicativo muito bom e fácil de aprender, porém se tivesse português (Brasil) sério 5 ★",2026-03-12 10:59:51
Marcos Vanjura,1,"as 2 chaves foram uma falta de noção completa, os corações eram perfeitos, quanto mais habilidade tivesse com o conteúdo mais longe ia ps: a play story precisa adicionar a opção 0 estelas, pq essas chaves merecerem até nota pior",2026-03-11 20:06:34
Santiago Oliveira,4,"Aplicativo muito bom, explica com detalhes simples e informativos sem falar que tem várias linguagens de programação diferentes, o que torna o app muito interessante. Minha única crítica é em questão das chaves, por dia você só pode fazer 2 lições, esta limitação é compreensível, porém ha outros app que, oferecem 5 ou mais lições por dia, o que faz com que sejam bem mais interessantes que este, principalmente pra quem está começando, e não sabe bem se vale a pena investir seu dinheiro no pago.",2026-03-10 11:52:04
agatha,3,"as atividades são práticas e muito didáticas, tem um problema que tem me incomodando bastante. Quase sempre que termino uma tarefa inteira da um erro dizendo que estou sem Internet sendo que estou conectada a Internet. Esse nem é o maior problema, o problema eque não salva nada que fiz e tenho que refazer tudo, quando saio do app pra responder algo no WhatsApp, acontece o mesmo, mas de resto é muito bom 👍.",2026-03-09 16:04:58
Marcos Eduardo De Almeida,1,"o jeito e esrilo de ensino é magnífico, mas tem um problema recorrente eu termino a tarefa e alega que estou of-line então as vezes tenho que fazer a mesma tarefa 3 ou até mais vezes para validala , só que agora com o sistema de chaves ( que achei demasiado abuso ) um jeito agressivo de empurrar a versão paga, quando isso ocorre eu alem de não valodar a ligação perco uma chave",2026-03-08 14:23:29
Fabricia Oliveira,3,"O app é ótimo, fácil de aprender mas oque complica é a tradução para o português, quando vc entra para fazer a lição, não tem nada traduzido, pelo menos no meu, sem contar que oque é traduzido, parece ser tradução automática, então as vezes não consigo entender alguma questão é acabo errando, perdendo vidas e só podendo responder novamente depois de 3 horas",2026-03-05 13:02:35
gerson monteiro,5,muito bom para praticar e fácil de aprender.,2026-03-03 22:15:54
Victor Hugo,5,um incrível app de aprendizado eu gostei mt da forma q o app ensina e é mt fácil de aprender,2026-03-03 16:28:37
Mongólia Gamer,5,"app ótimo, às lições são legais, e a pessoa pode se entreter fácil! 👌😁",2026-03-02 08:41:56
Benjamim Guaraldo,5,muito bom!!! o app ajuda muito a aprender ele é claro e simples !!! tem anúncio mais é de graça né;-;,2026-03-02 00:36:24
Multikill Br121,5,"estou aprendendo bem até, fácil de entender, e fácil de aprender, saber onde errou o porquê errou, ótimo para aprender",2026-03-01 21:23:03
Joao Vitor,5,Muito bom recomendo muito e bem fácil de aprender!!!! e simples mas quando agnt percebe criamos coisas gigantes um código sem 1 erro e agnt pensa que so escreveu 1 coisinha simples!,2026-03-01 13:30:51
Wesley Felicio,3,"incrivel, gratuito e vale muito a pena baixar, mas seria legal ter a possibilidade de pular os níveis que eu ja sei.",2026-03-01 13:29:38
Saulo Salazar,3,O Aplicativo não contabiliza o progresso. Estão com algum problema?,2026-02-27 20:36:17
Wil,1,"O app esta cheios de bugs e erros, acho que quem criou o app deveria estudar mais programação, no 10⁰ exercício o app nao funciona mais , vou desinstalar pois vejo nos comentários que tem o mesmo problema desde 2025",2026-02-26 20:40:03
Alison Silva,1,"voce estão com algum problema de conexão no banco, tenho internet, faço a lição e não gera o XP, fala que to off-line, resultado... tenho que fazer a lição denovo com os corações descontados da lição que não contou.",2026-02-25 09:20:24
Melissa Oliveira,5,"Gostei muito do app, mas será que da para adicionar uma assinatura vitalícia com um preço acessível?",2026-02-21 13:21:39
ARTHUR Ic,3,"Lembrem-se que para cancelar a assinatura deles, não adianta você cancelar só aqui pela play store em Gerenciar Assinaturas, você precisa acessar o site deles e cancelar por lá, e eles não deixam nenhum aviso explícito, você apenas recebe uma compra ""do nada"" no valor de 900 reais no cartão de crédito no plano anual, a minha sorte é que meu limite estava baixo e tive tempo de cancelar.",2026-02-20 01:14:53
Enzo,1,"Além de ter que pagar um plano, é muito confuso, literalmente um duolingo, só que ao invés de aprender, você sai mais confuso do que antes",2026-02-19 18:51:12
Samuel,3,"ele é muito bom, porem acho ruim um pouco pra mim, pois uso celular e como os ""projetos"" que tem no final de alguns cursos são pra computadores, me prejudica pois uso celular, acho deveriam deixar pra os 2 modelos de dispositivo pois creio que a maioria que faça cursos no app vem do mobile e nao computadores.",2026-02-18 14:07:32
Noemi Silva,5,"Eu nunca tinha ouvido falar sobre esse app, EU SIMPLESMENTE AMEI a forma de aprender e de montar a estrutura ficou muito mais fácil e prática. E para quem está usando no tablet como eu, tem uma hora que você precisa usar o aparelho na vertical para não dar BUG.",2026-02-18 11:59:14
Miguel Longo,4,bem fácil e divertido,2026-02-17 09:18:44
Gustavo Matos,4,"Aplicativo ótimo para o entendimento da linguagem Python, contando com uma ótima interface, sem anúncios e com bom ensino *teórico* Entretanto, carece em aprendizados práticos. Logo, recomendo lições de codificação práticas, sem ajuda nenhuma do aplicativo.",2026-02-16 17:46:32
Fabio Rodrigues,5,Muito fácil de aprender com esse app aqui,2026-02-15 17:46:03
Guilherme Diniz,5,"Devo dizer que esse app é perfeito para consolidação dos conhecimentos de linguagens, é perfeito para fazer seus exercícios enquanto está comendo, em festas e quando está no banheiro. Se procura um app para aprender os fundamentos das linguagens, esse é o app certo! seria bom se tivesse outros cursos além do full stack como um curso de games ou de IA. adoraria aprender a criar o chat gpt 2.0",2026-02-13 21:18:42
Solange Matos,5,é tipo um duolingo das ideias só que é pra programar!graças a esse app posso criar sites!n tenho problema com anúncios pode até botar anúncio a cada 1 segundo que ainda dou 5 estrelas!,2026-02-13 11:27:12
Patrícia Andrade,1,"fiquei decepcionada, o App dizia que daria 12 dias para teste grátis, a cobrança foi efetuada antes da data. solicitado meu reembolso.",2026-02-11 13:58:24
Rubens Limmas,1,difícil de entender,2026-02-10 21:12:26
Gyullia dias Do val mendes,5,muito bom divertido educativo claro explicativo não tem propagandas no meio bom para várias idades desde que saiba ler.,2026-02-09 17:19:25
Dr. Felipe Camargo de Freitas,5,"Por enquanto estou no nível básico, mas aprendendo sem dificuldades. O método por enquanto está muito didático.",2026-02-08 13:15:44
PLAY GAMES FF,5,"Aplicativo muito bom, gostei demais do meu desempenho, porém acredito que deveriam melhorar a performance que você tem dentro do aplicativo, no momento de ensino ter perguntas mais adequadas na questão da área educativa, assim como no Duolingo, que utiliza o método de repetição.",2026-02-04 20:19:18
José,4,"poderia ter vídeo, dentro da plataforma para entender melhor python ao invés de somente textos. 4/5",2026-01-30 10:02:55
Nami,4,"O app é ótimo pra prática de programação e tem bons exercícios, mas a teoria não é muito aprofundada. Os anúncios na versão gratuita não são invasivos e são geralmente curtos depois do exercício. O desempenho do app em geral é muito bom, porém presenciei bugs no editor de código. Nos exercícios de prática, o cursor aleatoriamente sobe para a primeira linha, e nos projetos pessoais, depois da 20ª linha de código o texto some e o cursor desincroniza com o texto que fica invisível.",2026-01-27 23:21:19
Elias Henrique,5,"O app é muito bom, estou aprendendo a programar de uma forma mais divertida. Uma dica de melhoria para os desenvolvedores do app, ajustem o layout do app para o modelo tablet, quando utilizado deitado fica meio bugado a rolagem de tela para os códigos mais longos.",2026-01-27 21:06:42
Sutibaro,5,"Muito divertido, fácil e didático.",2026-01-25 00:17:39
Myshel Rodrigues,2,"Forçam muito a voc paga , coração demora muito pra volta da nem pra assistir anúncio para volta as vidas induzido voc ter a versão pro , as perguntas não são muito claras , tradução fora de sentindo , agora que atualizou se voc perde as vidas não dá pra finalizar a lição , te obriga a volta tudo e espera as vidas recuperar.. ou então bota a verão pro. (01-26 agora não passo raiava me rendi a versão pró",2026-01-24 11:17:14
Elisson,4,"As atividades poderiam ter a opção de ser em português. Fora isso, é um bom app",2026-01-23 13:22:22
Faria,3,"bom, bem legal para aprender, mas tem umas coisas que falham muito no aplicativo, quando você faz um playground, as vezes você erra, o que é normal para quem é iniciante, mas é muito ruim que não possamos saber o que está errado, poderia ter uma sugestão, falando como poderia ser feito da forma certa, mas não, precisamos ir pesquisar o erro. também acharia legal se tivesse uma aba só sobre explorar playgrounds públicos, porque são poucas as pessoas que tem, e você só tem acesso a poucas pessoas.",2026-01-21 09:24:54
Carlos Henrique,5,"não achei nenhum problema, é simples e funcional, e com certeza ensina bastante como as coisas funcionam, recomendo",2026-01-16 22:22:39
Júlio,4,É bem legalzinho de estudar! Mas gostaria que tivesse mais opções de assuntos para aprender.,2026-01-16 09:45:19
Lucas Vieira,5,"Gosto bastante do app, poderiam incluir mais linguagens exemplo PHP",2026-01-16 01:12:13
Priscila Da Dalt,5,"Estilo duolingo, aprendizado fácil por meio da estrutura de jogo. Gostaria que houvesse mais explicações e não só: ""a resposta certa é essa"".",2026-01-15 08:51:51
Gustavo moreto,2,falta linguagem c,2026-01-13 02:44:15
Sara de Lemos,2,"Duas estrelas pelo design e as atividades do app que são legais. Mas tem um problema muito sério: não consigo completar nada porque ao final das atividades consta que estou off-line, e eu definitivamente não estou. Eu estou conectada à Internet e todos os outros apps que precisam dela funcionam, menos este, que funciona quando quer.",2026-01-12 07:09:12
Caua Ferreira,5,"Olá, vá para Jesus. Mas enfim, eu estou usando o aplicativo não faz tanto tempo, inclusive, hoje fazem 3 dias, e já do início eu estou gostando bastante, porque eu tô conseguindo aprender, o que antes, nem eu buscando conseguiria (Porque não tenho computador/notebook), além do mais, para quem se pergunta, tem a mesma pegado do Duolingo, porém de programação, muito bom o aplicativo, em pouco tempo, já gostei muito, parabéns pelo trabalho bem feito. Sinto falta da chama compartilhada com os amigos",2026-01-11 15:04:46
wagner da Silva,5,"super indutivo, cognitivo e excelente. comprei o app e eu era ""pro"" mas do nada perdi a condição pro e agora tem que pagar? não entendi, eu tinha vidas infinitas poderia perder quantas vezes quiser, hoje só tenho 5 corações se perder perco o progresso...",2026-01-10 21:50:52
Maurilio Claudio Ferreira,5,"Aplicativo bem do meu estilo. Muito ensinamento prático, sem muita conversa, fácil, discreto e silencioso ao utilizar. Ninguém precisa saber o que você está fazendo.",2026-01-10 13:49:32
Louhard Silva,4,"super recomendo para aprender, muito completo, simples e super dinâmico, interface intuitiva. o ruim que tem que pagar para progredir rápido, enfim nada que é bom é de graça. tem alguns pequenos erros de tradução, mas no geral é muito bom, aprender de uma forma descontraída e ele sempre tem dicas e explica bem (não entendo muito bem mas parece ter até IA integrado, que ajuda muito a explicar quando estiver travado em algum exercício.) Espero que gostem.",2026-01-10 12:22:32
Ignacio Solip,5,"Até agora sem problemas, que eu possa distinguir",2026-01-09 22:46:33
Diper Simpson,4,"Muito bom 💯 , tipo se voçe tá a fim de aprender programação , esse aqui é uma das melhores formas de fazê-lo , eu aprendi muito sobre uma nova linguagem de programação no 1 dia, e foi só na 1 lição 😅 . Resumindo eu super aconselho para você que quer aprender programação, e um detalhe ele é super intuitivo , simples e prático, e tem uma interface extremamente parecida com a do Duolingo. Mas o maior problema é que é em inglês, e não dá para mudar , então se tu não tiver uma base de inglês 😬.",2026-01-07 13:12:54
rodrigo port,4,"única coisa, é que as vidas demoram um tempo relativamente alto para restaurar, mas é um ótimo jogo pra aprender, com uma linguagem em tese, fácil também. Meus parabéns aos desenvolvedores.",2026-01-07 10:27:17
Edison Augusto,4,"Eu gosto do app não estou dando 5 estrelas por um motivo, uso mais no computador lá funciona tudo direitinho apesar de ser apenas em inglês, aqui no celular tem um problema relacionado a recarga de vidas após perder as 5 e recarregar com moedas você precisa sair da lição e recomeçar pois o app não deixa continuar a não ser pelo modo Premium. Mas é um app muito bom.",2026-01-06 09:42:25
Miguel Andrade,4,"É um bom aplicativo para quem quer aprender programação, mas não tem uma definição para colocar em português, gostaria muito que o fizessem.",2026-01-04 19:06:02
Daniel Alves,1,"Eu queria que fosse bom, mas infelizmente existem poucos problemas que me fizeram deixar de usar. 1 perda de progresso. 2 sem conexão com o app toda hora. 3 sistema de vidas te obriga a pagar para ter realmente a experiência do app. conclusão. Eu até pagaria para poder usar 100% porém com os bugs a única vontade que eu tenho é desinstalar o app. inclusive farei agora mesmo. :(",2026-01-01 02:29:25
Guilherme Mendes,5,"muito bem desenvolvido, fácil de aprender, com ótimo suporte para dúvidas.",2025-12-29 19:07:45
Leonardo Cabral,2,"não consegui usar pelo pc, só pelo app, mas é necessário usar o pc em alguns exercícios, ou seja, não consegui avançar. E a tradução para o português é ruim, mistura muito com inglês e o site é totalmente em inglês.",2025-12-25 21:58:54
Filipe Cruz,4,"its on a good path, but very limited. it needs a ton of improvements, but I would focus on the ability to make big challenges. Duolingo has an option when I am more advanced I can jump lessons by going to the final exam. I am doing tasks on easy and it's boring. I want more challenged tasks but I am stuck with the easy ones.",2025-12-25 10:24:09
Vitor Silva,5,"Programar nunca foi tão fácil como está sendo, muito aprendizado",2025-12-24 15:01:02
G,5,"fácil de aprender, bem interativo é visualmente bem limpo sem muitas distração desnecessárias",2025-12-23 13:09:31
Pedro Antônio Inácio da Cunha.,5,Aprendizado simples e fácil.,2025-12-21 22:47:11
hey Victor turco,5,ótima mais poderia oferecer mais aprendizagem grátis para estudantes,2025-12-21 15:00:28
Rodrigo Santana,5,Aplicativo bastante interativo e de fácil compreensão.,2025-12-21 12:00:25
Kaio Cheddar,4,"falta barulhos para estímulo de dopamina, e criar loop do hábito.",2025-12-21 11:52:45
tyuko games,5,"ainda só fiz uma lição mas É PERFEITO. eu tentei encontar algo que me ensina-se a programar mas era tudo pago, mas este é totalmente gratis!Agradeço ao anucio do duolingo que me introduziu a esta app.E os criadores merecem um grande aplauso",2025-12-20 08:07:19
Luciana Carvalho Lopes,5,muito bom poderia o mimo pro ser de graça,2025-12-18 17:14:33
Bruno Cesconeti,2,"o app em si é bom, o ruim é que a programação é toda em inglês, o que complica pra quem não sabe inglês",2025-12-18 12:46:54
JMS,5,"topíssimo, fácil e intuitivo",2025-12-15 18:25:55
Davi Silva,1,"Estou extremamente insatisfeito com o teclado! Ele é totalmente bugado. É impossível digitar os códigos sem que ele pule para o início da primeira linha do código, apague o que você escreveu com a ajuda do preenchimento automático do teclado, não consiga mostrar a aba de caracteres especiais do próprio app, etc. Paguei pela assinatura anual, mas por sorte, ainda estou no período de teste. Se continuar assim, não pretendo renovar.",2025-12-14 00:54:02
Samira Machado lima,4,"não consegui criar o site, ta dando problema",2025-12-11 20:10:57
Meriodasu Spinosa,1,"Cuidado, se forem assinar o plano premium, só funciona no Mobile, e o app exige que você tenha no computador pra fazer alguns projeto. Entretanto a assinatura pro Web é diferente, então cuidado, é venda casada.",2025-12-10 01:31:50
Thiago Alves,2,"A proposta do App é muito boa, mas a assinatura é cara para o assalariado pt-br, assinei o pro anual na Black Friday, e me frustrei por não ter acesso as atividades, de script, pelo menos no modo de python, primeiro pede pra realizar os exercícios no PC e quando vou se quer tenho acesso ao conteúdo básico, pede para me tornar Max pagando 250,00 ao mês mas caro que minha facul, e ainda contém erros de tradução no app, e na versão web se quer tem tradução nativa.",2025-12-08 22:20:30
João Paulo Marques,1,"a junção de mimo e instance foi horrível, o plano pago do mimo não inclui a ferramenta que agora está nele, um roubo o custo de créditos. sinceramente existem plataformas gratuitas melhores e construtores de app bem melhor como o Studio ia da Google. não recomendo.",2025-12-08 05:39:44
Luciano Matheus,5,"ja sou programador, vim testar esse app para ver se eu consigo ensinar meus alunos com ele, por enquanto, não tive nenhum problema!",2025-12-06 15:08:45
Matheus,1,"esse APP tem um bug muito DESGRAÇADO que me faz sempre desinstalar ele! toda vez que vou fazer a última lição de uma fase, ao terminar o app trava na tela de calculando sparks, e diz que estou off-line e não contabiliza a lição, obrigando a gente a fazer de novo. uma verdadeira droga. Aposto que vcs fazem de propósito para assinar o plano pago. desleiais.",2025-12-05 06:06:06
Luan C V,4,"Ótimo app para aprender programação. Assinei a versão Pro e não me arrependo. Porém, os projetos da trilha só podem ser feitos no PC e exigem assinatura Max. Entendo cobrar pelo acesso web, mas limitar projetos da própria trilha a outra assinatura acaba sendo frustrante. Ao menos poderiam liberar o acesso na web para os projetos que só podem ser feitos lá.",2025-12-04 14:02:46
Roberto da Silva Santos,5,"bem bacaninha por enquanto. estilo Duolingo, gostaria que tivesse mais linguagens de programação.",2025-12-03 17:16:31
Narciso Henriques,3,poderiam meter ou colocar a linguagem português aqui no app só está escrito em inglês,2025-12-03 11:18:16
Bruce,5,"intuitivo, fácil de aprender.",2025-11-27 15:54:56
victor navarro,1,é pago nem tem aulas grátis,2025-11-26 12:38:36
Edson Santos,5,poderia ter uma opção para reiniciar o progresso e começar novamente,2025-11-25 07:12:43
Pablo Lucas,5,"Estou aprendendo muito com o Mimo, espero melhorar ainda mais.",2025-11-24 16:48:49
Rebecca Lilian,5,"Que app maravilhoso, sério comecei a me interessar por programação a pouco tempo e esse app me ajudou bastante. Ele é bem didático e fácil de entender, se você quer aprender do zero, ele é excelente.",2025-11-24 14:17:19
Luiz Felipe Souza Silva,5,"Ótimo aplicativo para iniciantes, tem uma boa funcionalidade, aprendi nele o que não aprendi com um professor físico. Uso a versão grátis e me sinto satisfeito, mas na paga tenho certeza que vou melhorar ainda mais.",2025-11-22 18:36:25
BSrip_zelda,4,"muito bom, o lado ruim sao essas vidas sao muito chatas",2025-11-22 14:46:45
Gustavo Pereira,5,"app incrível, tudo em português, poucos anúncios é leve , lições bem explicavas . Não sei nada sobre programação, agr tou tô começando a entender um pouco; recomendo a todos , mesmo q seja só por curiosidade vale muito apena 🤗😉",2025-11-21 21:04:54
Natália Só,3,poderia dar opção de recuperar corações!,2025-11-20 13:59:21
Junior Carvalho,3,"Precisa urgentemente da versão web ""jogável"". Também me frustra muito fazer as tarefas descobrir no final que elas não foram computadas por falta de conexão. Fora isso, é um ótimo aplicativo para o que se propõe.",2025-11-18 23:33:20
Nicoly Souza,3,Podia ter a linguaquem c,2025-11-05 19:54:00
desestrutura дтр,3,"A ideia é muito boa, só que tem alguns poréns rs Você é pró, mas não tem acesso a algumas coisas porque não é max. Tipo, alem de ser pro vc tem q pagar mais uma inscrição (que não é barata) pra ter acesso aos conteúdos pelo PC e projetos guiados. Já tive um problema anterior e o suporte foi mt bom e resolveram meu problema, mas essa questão de voce ter acesso bloqueado aos serviços que, querendo ou não. te ajudam muito no desenvolvimento, acho bem ruim.",2025-11-04 16:24:35
Maikel Farias Machado,5,"ótimo, bem explicativo fácil de manusea...",2025-11-03 22:43:38
Wesley De lima,2,vou ter que abandonar o aprendizado porque ele simplesmente nao entra na proxima etapa ja perdi dois dias de sequência ironia um aplicativo sobre programação ser tão ruim,2025-11-03 20:34:46
Yan Dourado,5,Ótimo app fácil de aprender e de colocar em prática.,2025-11-03 10:40:57
Sarah Cavalcanti,5,"Excelente! Muito didático, fácil de entender, e divertido de usar. 100% recomendo.",2025-10-30 23:28:21
SENIN YT,5,"muito bom, fácil de usar, fácil de aprender e bem prático.",2025-10-18 18:07:15
Vitor Vanderley,5,"Se você quer aprender a programar pelo celular, recomendo fortemente olhar alguma documentação de linguagem de programação na interner e acompanhar algum curso com vídeo aulas ensinando os fundamentos, mas não recomendo APRENDER com o Mimo, ele serve praticamente para a prática, ele não te ensina de fato, ele não explica os conceitos, utilize-o como tarefa diária. A programação é vasta e precisa de atenção, então tenha paciência. Aliás, faltam MUITOS conceitos e linguagens para completar o app.",2025-10-17 15:10:45
Ivana Paula,1,"Olá! Achei o aplicativo muito interessante. Mas infelizmente, não consigo mudar o idioma. Já desinstalei e instalei novamente, e não consigo mudar. Poderiam me ajudar?",2025-10-16 19:14:25
Red Margoth,1,"Estou com um problema. comprei o pacote Pro anual, e após testar a versão Max (duas semanas grátis)ao final do prazo, perdi meu pacote Pro. Queria um e-mail para reclamar e receber pelos benefícios que eu paguei. (retiro essa avaliação logo após)",2025-10-11 12:46:57
Otakus Na Rede,5,eu achei ótimo para entender mais os termos poderiam ser mais explicados e traduzido para a pessoa saber o significado nota 10,2025-10-10 18:24:57
Bryan Code,4,"Olá, eu achei este app muito bom eu aprendi várias coisas sobre programação com este app. Porém, ontem, eu estava indo fazer mais uma lição com este app, mas o app fechava sozinho. Eu tentei abrir de novo, mas o app, mais uma vez, tinha fechado sozinho. Eu já tentei reiniciar o celular, limpar cache, etc. mas nada dava certo. Por causa desse bug, eu tinha perdido a minha ofensiva. Por favor, poderiam resolver este bug? Obrigado.",2025-10-08 18:36:06
Pietro Vasoler,5,"Estou dando essa avaliação porque o app é incrível, e eu estava estudando tudo muito bem, sem problema algum, porém, hoje quando fui abrir para estudar, o aplicativo não abria de jeito nenhum, ele nem sequer carrega o menu. Por favor, arrumem isso, eu estou adorando a experiência e não quero perdê-la!",2025-10-08 12:54:08
ARRONXD,5,"é uma cena cheese, funciona bem, de forma perfeita, aprendes a programar fácil!",2025-10-06 11:49:55
Black Br,5,"Eu consegui entender tudo que ele falou, não sabia literalmente nada, nem o que era. Melhor app, mas poderia ensinar na parte do python algumas bibliotecas para implementar no ensinamento, tipo pytorch, sklearn, tensorflow, e muitos outros desse tipos de bibliotecas na área da inteligencia artificial mas o ensinamento é ótimo mas superficial. Recomendo👌♥️",2025-10-05 02:41:50
Onikaru,4,"mt interessante, só podia ter mais tipos de linguagem q foca realmente nas engines de jogo tipo gml, q é a q eu uso. além disso, tem uns bugs com as respostas, mas de resto, mt bonitinho e divertido e ajuda mt a aprender msm, adorei.",2025-10-01 15:00:39
Antonio Dantas,5,Bem fácil de usar e as dificuldades vão crescendo devagar,2025-10-01 07:18:27
Alonso Lucena Marchon Cordeiro,2,"O Ensino até quem é bom, porém os planos são caros e se você errar algumas questões você não consegue mais usar o app, pois fica pago",2025-10-01 01:24:59
Melina Aguiar,2,"Os cursos são legais e bem fundamentados, fácil de entender com a estrutura gamificado. Porém muito pouco conteúdo gratuito, mal da pra aprender algumas linguagens e ainda cobram em dólar! Acho uma pena um aplicativo tão bom ser quase 90% pago",2025-09-30 11:28:06
Brayan Ferreira Duarte,1,"esse modo praticar ta horrivel, me estressei muito com ele, voce ta fazendo um codigo gigante, quando voce seleciona uma parte ele buga derrepente e começa a gerar codigo onde não tinha, aí dá um trabalho, fica ruim pra editar fica um lixo, to saindo desse aplicativo",2025-09-29 12:25:20
Rosa Maria,5,"parabéns aos criadores do app, fácil de entender o que se pedi, amo que tenha como acompanhar na prática tbm.",2025-09-29 00:40:01
Luan Youtube 2,3,"deixei 3 estrelas, não porque o app e ruim pois ele é ótimo mas o problema e a falta de idioma pois só tem o inglês normal mas eu sou Brasileiro aí eu não entendo nada no aplicativo pois não sou bom em inglês",2025-09-28 16:50:50
Robbie Reyes,4,"O app é ótimo, os exercícios são muito bons e as aulas são muito bem explicadas e claras e a interface é bastante amigável, mas uma coisa que poderiam melhorar é a ordem que as linguagens são ensinadas no full-stack, pra quem nunca aprendeu a programar, treinar uma linguagem de casa vez confunde e esquece rápido, tirando isso é um ótimo aplicativo",2025-09-26 20:50:56
Leandro Justino,5,fácil de aprender,2025-09-25 19:38:13
Ewerton Souza,1,é só pagar caro que pode usar,2025-09-25 04:04:12
Carlos,5,achei muito fácil para aprender,2025-09-23 23:15:20
Mateus Sutello,5,"app realmente bom, ensina bem cria uma forma de incentivar a continuar aprendendo, porém tem um erro que me deixa triste, quando eu faço a ""Aula"" apos isso da erro de rede, obs: não é minha rede. esse problema e muito ruim por que eu perco os corações e se der esse erro eles não voltam e o que fiz fica como não feito o que me faz ter que esperar mais corações. gosto muito do app, por favor arrumem isso!",2025-09-22 06:30:33
lp _gio,5,"O melhor app de programação que já testei, é de fácil entendimento e muito amplo simplesmente incrível.",2025-09-21 23:01:49
Ramon Ribeiro,5,Muito intuitivo e de fácil aprendizado...,2025-09-21 21:30:47
Djone Behling da silva,5,Poderiam adicionar um modo onde convidar amigos seja possível para programar todos juntos assim facilitando projetos,2025-09-21 18:52:17
Redes Sociais Google,5,Difícil mas vamos lá,2025-09-20 19:29:14
Alexandre Sousa,5,"o único problema do aplicativo é que quando finalizamos a tarefa, dá que perdeu a conexão e não finaliza, tendo que fazer tudo de novo, isso é bem chato! está acontecendo sempre, finalizo uma, e quando vou pra outra dá erro ao finalizar, falando que perdeu a conexão.",2025-09-20 15:26:08
Dudu e Lolo e Duda,2,"o app é bem fácil de usar,porém gostaria que tivesse mais linguagens (eu gostaria muito de tivessem c++ ou bibliotecas de linguagens)não sei se é pedir demais",2025-09-18 20:00:22
Gabriel Abreu da Silva,5,"O aplicativo em si é muito bom, muito fácil de utilizar, há muito o que fazer, desde aprender até a fazer projetos no próprio aplicativo e poder compartilhar. Mas há algo que eu acho que poderia ter seria a opção de mais linguagens para se aprender, apesar de haver linguagens grandes e boas como Python e Javascript, mas podeira ter uma maior diversidade como Java, C, Lua, Swift e linguagens do tipo, acho que isso de fato deixaria o aplicativo completo, mas é apenas uma sugestão, agradeço a atc!",2025-09-17 10:25:35
Ninja_nenem1707,5,"gostei , dar para aprender muito fácil e estudar , por enquanto tá tranquilo",2025-09-14 12:41:26
forçadéda,5,"ERROR MIMO: MIMO PAGO E AINDA ASSIM FECHANDO SOZINHO, BUGANDO, SAI DA ATIVIDADE SOZINHO, QUANDO ESCREVO CODIGO DO MODO PRATICA ELE SIMPLESMENTE SOBE NA HORA DA DIGITAÇÃO FAZENDO DIGITAR ONDE NEM CLIQUEI. POR FAVOR ARRUMEM ISSO.",2025-09-13 21:35:27
Jesuel Santos,5,"Intuitivo e fácil de usar, recomendo muito bom!",2025-09-13 12:35:00
Gabriel Cassaro,1,"Infelizmente é um app pago, ele te oferece 1 semana grátis para ver alguns materiais, mas após esse tempo, bloqueia o acesso te impossibilitando de continuar a não ser que você pague a assinatura.",2025-09-12 12:00:14
EROS GOMES,1,"A proposta educacional do aplicativo é ótima, porém há um mal funcionamento. Eu faço atividades e ao calcular sparks ele acusa estar offline. Além de não calcular ele não grava o progresso, o que me obriga a refazer a atividade. Poderiam estudar um pouco de programação e resolver isso.",2025-09-12 09:12:15
Filipe Pinto,1,Não recomendo. Depois de uma semana a aplicação teve um bug e apagou o meu histórico de lições. Também tive problemas de lentidão.,2025-09-11 17:22:08
Patricia mot Patmo,5,"Muito bom, estudo forma e didática que é muito difícil, um pouco vou fazer ler mas não tenho que acreditar .",2025-09-11 15:41:06
Letácio L. F. Júnior,5,Excelente aplicativo para aprender linguagens proamação (códigos). Estou gostando muito. É bem fácil aprender com o Mino!,2025-09-10 20:45:01
Lyon Yamada,5,nunca imaginei aprender programação de uma maneira tão fácil,2025-09-09 14:59:13
Marcos Passos,1,Que absurdo! Ter sistemas de vida! Temos que esperar 2 horas só pra ter uma vida! Acorda! Porque não usam anúncios? Agente quer aprender!,2025-09-08 18:53:50
Kauan Damião,4,"app perfeito para aprender a programar, mas poderia ensinar mais linguagens como C++ e C#.",2025-09-07 13:13:40
Emerson de Paula,5,"Estou gostando demais!!! olhei muitos comentários antes de baixar o app e realmente é o que falam, ensina muito bem, do zero, bem mastigado (popularmente falando) e tem a pegada do Duolingo!!! Vale extremamente a pena baixar, pagar o pro que não é caro e construir uma carreira!!!! EXTREMAMENTE SATISFEITO E SUPER INDICO!!! OBS: NÃO SOU AQUELAS PESSOAS PAGAS PARA FALAR BEM DO APP KKK, REALMENTE SOU UMA PESSOA QUE ESTÁ TENTANDO INGRESSAR NESSA CARREIRA!!!",2025-09-04 19:54:22
Criador_Rafael,3,"é muito bom, mas podia me dar um pc de graça pra eu estudar 😅😅",2025-09-04 15:39:07
Bruno Nathan,5,muito bom e fácil de aprender,2025-09-03 14:04:32
Duel Links Brasil,5,o app mimo é muito bom. só queria que eles voltassem com a opção de assinatura vitalicia do pro durante um tempo. eles fizeram isso no passado,2025-09-02 16:41:33
Samilly Souza,5,"app muito funcional, ótimo para quem está aprendendo, te ensina detalhadamente com competência e te faz rever onde errou e te ensina a importância de prestar atenção, não tem muitos anúncios, super convicente e te ajuda para quem está começando.",2025-09-02 11:34:31
Andrew Miska,5,Muito divertido e fácil de aprender,2025-08-31 01:12:42
Naosei,4,ótimo Tirando o problema das vidas,2025-08-30 11:40:03
Bruno Paulino,3,"Muito bom, porém peca na limitação de linguagens, poderiam adicionar mais, como JAVA.",2025-08-29 12:16:17
Thiago Monteiro,1,"Fui literalmente roubado! Entrei em contato melo email. Informado e a resposta foi totalmente sem sentido, apesar de ter pago uma assinatura anual do mimo pro, e ter usado o Max pelo período teste e não o ter adquirido, a resposta foi que o valor foi para pagamento mensal do mimo max, o que é absurdo! Pois não contratei este plano, o testei, e decidi ficar com o pro. Exijo a ativação contratada ou a devolução do dinheiro!",2025-08-26 23:24:34
SillyOwl,2,"Esse aplicativo era bom no começo porém começou a ficar irritante, eu tenho que escrever várias coisas de código enquanto o corretor e um pop up de traduzir oferecido pelo Google me incomodam, outra é que ele repete conteúdo que eu já vi várias vezes e contém chances limitadas por dia que acho de todas essa a pior, gostaria que esse app fosse melhorado.",2025-08-25 20:12:43
Tiago Silva,5,"Muito bom mesmo. Aqui a se aprende rápido, fácil e prático. Super recomendo para quem quer aprender",2025-08-24 15:01:10
Aleriane Rangel,4,"Estou começando a aprender programação e esse aplicativo é perfeito para isso, o único problema é que é meio difícil entender o Mimo mas fora isso o aplicativo é muito bom!",2025-08-23 08:29:48
Luan Shelby,5,"O ensino é impecável, me dá vontade de estudar! O problema é o aplicativo. Eu entendo, vocês precisam de renda, mas o aplicativo poderia ser igual na web (versão PC).",2025-08-21 21:09:43
Eliel Vitor Santos,4,"não vou dar 5 porque tem alguns enunciados bem confusos, no entanto app é bem intuitivo, quem já usou o Duolingo vai se acostumar bem rápido, por que a interface dele é bem parecida.",2025-08-21 18:10:02
Bernardo V,3,"Completei o curso todo de Python. É um duolingo de programação. Sendo assim, é extremamente fácil e não te desafia em nada, o que faz com que você aprenda muito superficialmente. É bom em te apresentar aos conceitos básicos, mas só isso. Programação é prática, não tem como escapar desse fato, então você ainda vai ter que se esforçar fora do app. É como se o Mimo te ensinasse as letras do alfabeto. Mas você ainda vai ter que aprender na prática como construir palavras, frases e textos.",2025-08-21 11:08:07
Ma Clara e Eloisa,4,"gostei da dinâmica, mais poderia excluir esse corações adorei a ideia de colocar os alunos para poderem realmente fazer suas primeiras programações livres",2025-08-19 22:30:51
Jullia Ferro,5,"O app me perguntou qual era a chance de eu recomendar pra um amigo. Sinceramente? 100% já até recomendei. É bem didático, da pra ver que se dedicaram ao aplicativo. Tem versão gratuita, as propagandas não incomodam e dá pra retirar certificado futuramente, ainda n sei se é pago, mas se for ainda vale a pena na minha opinião. Tem vários cursos na plataforma que se complementam. É isso. nada do que reclamar e muito a agradecer. obrigada criadores do Mimo.",2025-08-19 13:02:12
Lucas Teixeira,4,"O Mimo é excelente para aprender programação de forma prática e acessível. Ele já oferece diversos projetos e exercícios que permitem aplicar o aprendizado em situações reais, mas seria incrível ter um teste final único, reunindo todo o conhecimento de todos os módulos, que servisse para obter o certificado, tornando-o mais desafiador e valorizado. Além disso, adicionar novas linguagens aumentaria ainda mais o aprendizado e a relevância do app. Para mim isso que falta pra ele ser perfeito!!",2025-08-18 10:42:42
Adolpho Lima,5,"Muito bom, fácil entendimento!",2025-08-13 20:25:33
Wellington Thiago Vitória Marques,5,"muito bom ainda tô avaliando mas gostei bastante, o aplicativo é simples de entender e bem fácil de usar até, só tem uns erro de tradução, tipo alguns textos não estão traduzidos mas o resto tá 🙂",2025-08-13 16:46:54
Benjamim Assis de Freitas,4,Muito bom. Fácil e rápido de aprender. Porém queria aprender Lua.,2025-08-13 16:10:56
Gabriela Barros,5,"Excelente app! Muito didática e clara a forma de ensinar! O único problema é que não dá pra ver algumas perguntas por completo. Tá com algum bug. Também tem que melhorar nas traduções. Ainda têm textos em inglês. Acho que vão ajeitar isso em breve. Não me arrependo de tê-lo comprado. É um vício bom. Você começa a aprender e não quer mais parar 😄 Quando ajeitarem os bugs e as traduções, eu darei 5 estrelas. 😉",2025-08-11 15:18:48
Pedro Casali,5,comecei a utilizar o Mimo hoje e achei muito legal. Parece muito com a idéia do Duolingo. Achei super fácil a metodologia deles e estou empolgado em aprender programação com o Mimo.,2025-08-11 11:29:40
Lucas Sousa,4,"Não só estou aprendendo programação como também estou me divertindo muito com este app sensacional. Espero que não seja desativado como a Grasshopper. Menção honrosa ao app Grasshopper. 😔🙏 O grande problema desse aplicativo é em relação aos projetos, tentei fazer eles, mas o sistema pede para eu fazer no computador e não tem como realizar as atividades no PC. Por favor, concerte isso.",2025-08-10 23:05:56
vitor emanuel lima lemos,5,"Muito bom e muito fácil de aprender, ta me ajudando muito.",2025-08-09 18:37:10
Lazyguy,5,programação de maneira prática fácil e rápida e o passe é bem barato então vale a pena,2025-08-07 21:45:08
Pedro Souto,5,muito fácil e ensina desde o básico,2025-08-07 20:39:44
Paulo Santos,5,com esse App é muito fácil de aprender a programar.,2025-08-07 15:55:26
Luiz Sousa,4,"App muito bom e prático, poderia ter uns mini vídeos ou animações com teorias e exemplos reais, para aprofundar mais o conteúdo, mas o app cumpre bem a sua função.",2025-08-06 08:54:05
LOHANNY Cosmo,5,"Simplesmente perfeito. eu sempre fui atrás de cursos de programação mas ou era pago, ou era ruim de entrar ou tinha má qualidade, MAS A MIMO É SIMPLESMENTE INCRÍVEL!! é muito divertido fazer as atividades nesse jogo, é no estilo Duolingo, o curso de inglês sabe? a estética é bem parecida. Um ponto ""negativo"" é q tem anúncios, mas n é nada exagerado e lembre-se de q precisa do anúncio para o aplicativo continuar gratuito, mais isso n impede de ser O CURSO DE PROGRAMAÇÃO! Te amo Mimo ❤️",2025-08-01 14:04:19
Eron da Luz,5,"O app é Muito bom, só acho que as vidas poderiam recuperar mais rápido",2025-08-01 13:14:00
FABIANI ANDRADE,3,"Eu sempre estou com poucos corações no Mimo, Eu gostaria que tivesse uma opção de Checkpoint em qualquer ponto de qualquer lição, preferível quando tiver poucos corações. Checkpoint para ir na lição mais tarde no dia enquanto não perde todo o progresso da lição👀👀",2025-08-01 13:05:56
Ryan Cavalcante,5,"O app é muito bom! Gostaria de fazer uma sugestão: será que não seria possível adicionar um módulo para aprender a programar em GDScript? Essa linguagem de programação tem crescido bastante, não só no mundo dos games, mas também em outras áreas. Os engenheiros da Tesla, por exemplo, a utilizam nos painéis dos carros da marca.",2025-07-30 21:45:03
Paulo Victor De Moraes,5,muito divertido e fácil de aprender,2025-07-29 22:20:36
Victor Angelo,4,"até agora tá legal, mas bem q podia deixar a gente escolher uma linguagem específica pra aprender, por exemplo o c# ou c++",2025-07-27 11:55:31
Victor Fotgame,5,"Muito, uso a pouco tempo mas já aprendi bastante! Meu sonho é criar um jogo, e o Mimo está realizando ele! A interface é limpa e direta, quase não tem anúncio, o melhor app pra aprender a codificar de todos!",2025-07-26 11:06:14
Gabriel Santos,5,"App ótimo, fácil de usar e metodologia de aprendizagem muito boa, recomendo.",2025-07-26 02:10:51
Everaldo Arruda,4,"sabe o app é maravilhoso!👏🏻👏🏻 só que eu achei ele muito escasso em linguagens de programação tipo ELE NÃO TEM C++,C# E C linguagens que são muito populares e são perfeitas em criação de jogos, mas o problema é que NÃO TEM LINGUAGENS FEITAS PARA JOGOS o que não é bom para pessoas que querem aprender para criar jogos.",2025-07-24 22:39:40
Caio Costa,5,"Muito bom, ainda n tenho muita experiência com o app, mas acredito que será de grande ajuda. eu precisava equilibrar o estudo da teoria e prática e acredito que esse app vai ajudar. Ainda verei uns cursos na Ûdemy e farei projetos pessoais para aprender de verdade, mas nem sempre tenho tempo, então o Mimo deixará mais fácil o aprendizado na minha rotina já que é mais flexível e mistura tanto teoria quanto prática.",2025-07-23 11:16:45
Ângelo Pedro Calessi,4,o seu problema é necessário usar internet para começar o spk,2025-07-21 18:32:58
Karla Isadora,5,"Esse app ajuda demais! Eu tinha zero conhecimento sobre programação, mas a didática é tão clara de entender que não senti dificuldades!",2025-07-20 23:05:08
ARTUR COÊLHO FERREIRA,5,um app fácil e intuitivo para aprender a programar recomendo,2025-07-18 05:10:27
Wanderson Moisés,5,fácil e incentivador,2025-07-16 13:44:55
Rafael Aggio Pedroso,1,"Ruim. toda hora dá erro de conexão e você perde tudo que tava fazendo, tendo que refazer toda a aula. não ter um sistema de salvamento quando uma suposta falha na internet é algo bem amador pra esse tipo de app. não recomendo. só estressa.",2025-07-15 17:45:06
Rebecca Manuel Kanzi,5,"É uma plataforma ótima e ensina muito bem. Estou a aprender HTML e tem sido uma ótima experiência. Mesmo que seja tudo em inglês não vejo problema, as frases são simples e fáceis de entender.",2025-07-14 19:10:28
Ramon Cavalcantēh,5,"nunca vi um aplicativo tão excelente igual o Mimo, ele explica de forma tão fácil e rápida, que parece uma brincadeira, podem baixar e vale a pena o plano pago👏👏, meu parabéns ao desenvolvedores continuem nesse caminho❤️",2025-07-10 20:35:41
Alberto Rodrigues,4,"Muito bom e intuitivo, parecido com o Duolingo, só acho que futuramente poderiam trazer mais linguagens de programação como C++ e C#",2025-07-08 10:28:40
Sandriky Ellysson,5,"Muito bom , me ajudou demais na programação, graças a esse aplicativo tem sido mais fácil programar!",2025-07-07 19:54:02
Guilherme de Lana Cezares,5,achei bem fácil e prático para o aprendizado.,2025-07-06 19:55:26
Stefan Bender,3,"O app até é bom, mas precisa melhorar algumas coisas, como a resposta dada quando se erra uma questão deveria ser mais desenhada",2025-07-02 22:48:24
Leonardo Oliveira,5,"aplicativo muito bom, excelente as aulas,porém, tenho uma reclamação, eu não gosto muito de que as vidas sejam tanto limitadas,é pq eu uso ele de graça e não tenho dinheiro para pagar o Premium,eu gostaria de que quando acabasse uma vida nossa,pudéssemos recuperar assistindo a um anúncio, porque aí ficaria muito melhor de aprender e daria mais horas de aprendizado",2025-07-01 22:27:57
Joven9161 games,5,excelente app muito fácil de aprender,2025-07-01 20:24:14
João Henrique Braga,5,"ótimo app para passar o tempo. Agora mesmo faltam 8min pro almoço e ao invés de ficar em instagram nao fazendo nada, prefiro brincar aqui",2025-07-01 10:54:05
Hiago Mateus,5,"Ótimo aplicativo para vc que quer aprender noções básicas, ou que gostaria de melhorar, super recomendo",2025-06-28 19:25:26
ANDERSON VIANA,5,App rápido e fácil de aprender.,2025-06-27 21:34:18
Eduardo Otsuki,5,"extremamente últil para pessoas que visam iniciar no ramo da programação, ele introduzirá desdo início. Extremamente bom e de fácil entendimento",2025-06-26 21:17:31
TheRock Modifics,5,"Tenho aprendido bastante por enquanto, é ótimo. recomendo que faça apenas uma ou duas lições por dia se você enjoa fácil... assim você mantém continuidade sem perder ofensiva. Melhor um aprendizado lento que tentar tudo de uma vez e depois largar de mão.",2025-06-23 15:54:30
Wesley Diniz,5,"Sempre tive dificuldade em inciar e assimilar os estudos na programação, esse app está ajudando e acelerando muito os meus conhecimentos!",2025-06-21 20:34:26
Gleisson Alves Ferreira,5,"app fácil e interativo, exelente para passar o tempo aprendendo algo.",2025-06-21 13:09:23
Cauã Silva,4,"Adorei mas era pra dar pra recuperar coração ao assistir anúncios, vocês iam ganhar dinheiro e fazer nois felizes",2025-06-21 09:22:16
Abrão Lira,5,É simples e fácil.,2025-06-19 15:21:08
André Felipe,5,"Estou adorando, é um aplicativo que tem me ajudado bastante, mesmo que gratuitamente. Espero poder continuar usando, seria triste parar porque não vou optar por pagar o plano pago educacional.",2025-06-19 12:42:07
Brincando com Gabriel,4,o aplicativo em si é ótimo o único problema é que quando a gente vai escolher oq quer aprender a programar e apertar em jogos nao da para continuar,2025-06-19 10:36:15
Luis Manoel,5,"muito eficaz, com uma maneira bem fácil de aprender, introduzindo de uma maneira bem prática pra se aprender",2025-06-18 22:44:19
Samuel Mendes,5,"Bom, simplesmente não há o que falar! o app é incrível, ensina muito bem o básico, o intermediário e o intermediário-difícil das linguagens! porém, quero muito que adicionem o script lua, este é o que eu mais quero aprender para começar programando pelo roblox e postar meus jogos pois modelagem 3D já sei! simplesmente incrível :)",2025-06-18 21:13:30
block breaker,3,"já utilizo esse aplicativo a um tempo, e tenho notado que faltam coisas como uma opção de uma lista de todos os códigos de cada linguagem de programação, além disso mal começou a ensinar HTML e já pulou pra coisas de CSS e pulou diversos códigos como por exemplo 
- e , 
   
   e 

, 
   
   e 

dentre muitos outros que o aplicativo pulou isso atrapalha significativamente no aprendizado correto de programação corrijam essas coisas por favor dentre outros bugs do app",2025-06-18 21:07:38
Caius Lazarim,5,"Aplicativo bem didático, ensina o conteúdo que é complexo de uma maneira bem fácil de entender, recomendo para quem tem interesse na área de programação.",2025-06-18 09:25:21
Simara Torres,1,"o app é ótimo, porém não é possível adicionar amigos, usei o código de convite do meu amor e nada aconteceu. O app promete ter ‘amigos’, mas não há forma real de se conectar com ninguém. Isso é propaganda enganosa, pois não existe recurso de amizade de verdade.",2025-06-17 05:56:31
Alisson Martins,1,"O app é interessante, ensina algumas coisas, por mais que sejam bem básicas. Toda vez que vou usar o teclado, tenho que apagar um por um, pois o sistema de digitação do app buga e vai parar na primeira linha sem eu escolher. Outra questão me ocorreu foi a de eu deixar o código certinho, mas o app não aceitar por conta da posição que coloquei. Outras vezes o próprio app faz isso e não muda nada. Acho que tá faltando desenvolver algumas variáveis pro app funcionar melhor. Diminuindo para 1 estrela",2025-06-15 12:30:15
Francisco de Assis Vieira de Araújo,4,Esse app é muito didático e de fácil entendimento. Estou satisfeito em estar usando-o ainda de forma gratuita.,2025-06-13 00:44:56
Nicolas Esteves,5,"Muito bom, e com base na minha opinião, sugiro isso: Implementação de pontuação de finalização da atividade progressiva de acordo com o nível de dificuldade de cada questão ou pergunta.",2025-06-12 21:17:12
Aleph Almeida (Epic! Sans e Cross! Sans),5,"Muito bom, fácil e rápido, vou usar por bastante tempo todos os dias, e é muito fácil de entender.",2025-06-12 17:11:45
ethan reckziegel,4,"o app é muito bom e didático, só tenho tido um problema quando saio do app por um tempo e volto, depois do termino a tarefa nao conclui e tenho que refaze-la.",2025-06-10 09:08:30
Pilares Da Criação,4,"gostei do formato do app mas senti falta de opções para mobile nativo e também DevOps, assim como C#",2025-06-09 07:24:55
Laura Cavalcanti,4,"É bom e estou aprendendo muito com ele, mas alguns bugs estão me incomodando. Às vezes estou escrevendo em uma linha e ele simplesmente sai e vai para uma linha aleatória e digita nessa linha, as vezes apaga partes do que estava escrito sozinho e eu tenho que re-escrever. Seria bom um botão pra resetar pro começo do exercício, pois as vezes o próprio app dá esse bug e apaga as informações da linha de código e não sei o que tinha pra reescrever.",2025-06-08 17:46:11
Arthur Barros,5,"App excelente para o aprendizado de programação, faço todos os dias e tive ótimos resultados. É simples, direto e didático. No entanto, tenho algumas sugestões de melhoria: 1. Coloquem mais linguagens: já uso o app a bastante tempo. Porém, nenhuma linguagem foi adicionada. Poderia haver C++, por exemplo. 2. Mais itens na loja: para tornar o app mais divertido e mais semelhante a um jogo, seria interessante ter mais itens para compra na loja, como personalizações de perfil.",2025-06-08 10:18:26
Caio Bandeira Oliveira,3,"Em questões de comunidade e interações entre usuários, é muito ruim e as assinaturas tem preços irreais para o que vocês oferecem.",2025-06-06 11:27:52
Nada a ver com nada,5,"mimo = ""O Duolingo do programador se chama Mimo! "" print (mimo) Edit: Pensei que fosse igual ao Duolingo, porém a partir de um certo ponto não dá pra fazer mais nada se não pagar! O que custa colocar mais anúncio? Eu prefiro um app cheio de anúncio do que eu mesmo ter que pagar 200 conto!",2025-06-03 12:34:28
Alan Santos,5,"tô gostando, intuitivo e fácil de aprender.",2025-06-02 06:54:27
Alice Dâmaris Pereira,5,"Estou achando ótimo, bem fácil e didático de aprender.",2025-06-01 23:38:07
Ryan Gabriel,5,achei massa mas os exemplos poderiam ser melhores e mas detalhados,2025-05-29 23:15:08
Dri Bastos,5,"Comecei recentemente, e até o momento tem se provado um app maravilhoso, fácil de aprender o prático de usar.",2025-05-29 18:46:12
Jp M,5,"melhor app, muito fácil de usar, muito bem explicado, sem enrolação",2025-05-28 19:40:27
Lensli Fagundes,5,Bastante estimulante e de fácil aprendizado.,2025-05-28 06:55:35
Mariangela Fagundes,5,"amei o aplicativo...vc consegue se tornar um programador profissional apenas com esses aplicativo....pena que eu perdi a promoção de 99,90 por ano. Queria muito assinar. poderiam liberar essa promoção pra mim",2025-05-28 00:41:07
Pedro Gabriel,5,"É um app incrível para aprender programação, não tive nenhum problema com ele, mas gostaria de dizer o mesmo para o site, onde o mesmo não possui tradução para português sendo assim um pouco mais complicado de aprender",2025-05-27 17:14:10
João Ferreira,5,"excelente app. fácil de usar, extremamente intuitivo e muito didático!",2025-05-27 07:44:29
Isaac Emanoel,4,"ajuda dms, e tem poucos anúncios",2025-05-24 23:48:47
Elton Melo,4,"estou gostando bastante do aplicativo. é muito útil para fixar algumas regras e padrões, porém há um problema no uso com dados móveis. todas as vezes que pratiquei usando dados móveis, no final do exercício informa que estou sem conexão e não registra o progresso. E nunca é problema de rede. Isso nunca me aconteceu usando o wi-fi.",2025-05-22 19:10:27
Claudemir Souza,5,"Very helpful and complete, I've been using it for a while now. My suggestion is that the Max price should be localized for Brazil, it costs the value of a minimum wage a yearly subscription. I know the capabilities but the price turns the access kind of limited for a student.",2025-05-21 20:21:08
Gustavo Oliveira,5,falta só o tailwindcss mas o app é show,2025-05-20 22:37:05
Honézio Luís Nhamussua (Nhamússua),5,"Boa app, recomendo. Apenas falta incorporar a língua portuguesa nas questões. Com inglês básico dá para aprender.",2025-05-20 02:37:51
flv Miti,5,"fácil de entender, achei melhor que o grasshoper.",2025-05-19 10:06:11
Ana paim Paim,5,o aplicativo é bom mas podias meter para mudar a linguagem para português eu não sei muito inglês,2025-05-18 06:03:32
Isaque,5,"ótimo app de programação! incrível! gostei, tenho uma sugestão para adicionarem, pra quem gastou todas as vidas e fez as atividades, poderia ter um exercício para recuperar um coração ou assistir um anúncio",2025-05-18 00:11:13
MarcoS ValenCya,5,"até agora estou gostando muito, e está fácil de aprender.",2025-05-17 15:57:37
diogo schroeder,5,"Busco especificamente linguagem C, poderia adicionar essa forma de aprendizado.",2025-05-16 18:41:46
Gustavo,4,o app é bom mas poderiam adicionar LuaU,2025-05-14 23:02:27
Eduardo Neto,4,"muito bom, so não dou 5 estrelas por 3 motivos o atendimento ao cliente não é tão eficaz, e uma sugestão seria widgets do mimo para incentivar mais ainda as ofencivas alem de congelamento de ofencivas que poderia ter.",2025-05-14 07:27:33
CØDEIN_ CDE,4,"ainda não explorei muito o APP, mais por enquanto estou gostando! bem simples e de fácil aprendizado,com vários exemplos antes de cada pergunta, e mais a frente, coloca perguntas que foram apresentadas anteriormente,forçando o celebro guardar as informações, no automático,bom APP",2025-05-14 01:04:46
Valdinete Maria,2,paguei por diferentes formas de código não é possível que eu difícil eu tenho 458 dias se vc não vou pagar isso agora lixo,2025-05-13 19:38:59
Áurea Cardoso,1,Cobrança cara e abusiva,2025-05-12 19:54:34
BrianTK,4,"O app realmente é bom, eu gostaria de assinar mas o preço de assinatura Max é muito caro para mim, se conseguissem reduzir esse valor creio que a arrecadação seria maior",2025-05-12 03:28:05
Jean Lima,4,aplicativo bem intuitivo e de fácil aprendizado,2025-05-11 10:53:49
Alexandre Maciel,3,"O aplicativo é bem legal, sem dúvida, mas tem alguns problemas: 1 - A Versão Web não funciona em português. 2 - O servidor do aplicativo toda hora gera timeout e o progresso é perdido obrigando você a fazer a mesma tarefa 4, 5 ou 6 vezes. Isso é bem ruim. A proposta é muito boa, mas há esses dois problemas.",2025-05-07 16:04:53
Deivison Santos,5,É bom E é fácil de aprender A🍆🍆🍆🍆🍆🍆🍆🍆🍆🍆🍆🍆🍆🍆🍆🍆🍆🍆🥔🍆🍆🥔🥔🥔🍆🍆🍆🍆🍆🍆🍆🥨🥨🥨🕹🕹🕹🕹🕹🕹🕹🕹🕹🕹🕹🕹🕹🕹🕹🕹🕹🕹🕹🕹♠️ linguagem da programação🍆,2025-05-04 19:23:52
Josué Carvalho,5,"muito bom, fácil de aprender",2025-05-04 09:52:38
Luan R,3,"falta a opção de pasta,no modo ""prática""",2025-05-04 09:49:53
Natan Oliveira santos,5,fácil de aprender,2025-05-03 12:06:10
Vinicius Oliveira,5,estou aprendendo fácil esse é o melhor curso em aplicativo de programação,2025-05-02 21:35:01
Fernando Aquino,5,Bem didático e fácil de entender.,2025-05-01 11:01:18
Henrique Borges,5,"um excelente app, podia também ter a língua Lua, ia chamar muito mais pessoas, já que uma das ferramentas de criação de jogos mais iniciante é o Roblox Studio e nele usa a língua Lua",2025-04-30 22:36:16
Quieter Gamer,4,"O Aplicativo em si é bom, porém, poderia adicionar mais línguas como Lua script e outras. De resto, o aplicativo é muito usado!",2025-04-28 20:23:10
Joanne Garcia,5,Muito bom!!! Fácil e instrutivo. Excelente para quem está começando.,2025-04-27 10:08:57
Guilherme Lopes,5,"aplicativo incrível e didático, com fácil usabilidade",2025-04-22 20:46:38
Rosi Borges,1,é pago,2025-04-22 14:49:38
Rychard,4,"a MIMO é maravilhoso, ele ensina muito bem, não tem muito anúncios que nem muitos apps tem. Só não é 5 estrelas pq eu adicionaria mais assuntos principais como: a lógica de programação em si; algoritmos; estruturas de dados. Tendo esses 3 pilares realmente poderia muito bem um iniciante que não sabe nada de programação, avançar muito mais que os outros que só assistem vídeos.",2025-04-21 21:57:47
Bianca Mathias,1,"A iniciativa foi boa, porem para uma APP pago, tem muitos erros de digitação, me questiono se a pessoa q desenvolveu o software foi o msm q elaborou o conteudo!",2025-04-18 21:38:03
Lucas renato,5,no momento que estou esta fácil e divertido,2025-04-18 12:53:18
Thamires Vitória Muniz da Silva 19,5,"muito legal, fácil, rápido e divertido. e ainda faz com que a gente veja como funciona e também anota de um jeito que vamos entender e gravar na mente.",2025-04-17 16:10:51
Fabiano Souza Santos,5,"app incrível, porém muito caro ,se fosse uns 100 reias até renovaria. Super indico.",2025-04-16 20:48:55
Mosy Santana,5,"app bastante intuitivo, fácil aprendizagem, basta ter a mente aberta pra dev.",2025-04-15 20:15:52
Taylor Costa,3,vcs tem sérios problemas com conexão pqp todos os app funcionando normal inclusive YouTube mas o app de vcs não computa as lições dizendo que tá offline,2025-04-14 15:07:45
Mateus,1,"o aplicativo é excelente mas vocês poderiam fazer um widget que mostra a sequência igual o do Duolingo, tenho 925 dias no Duolingo mas não consigo manter uma sequência no app de vcs pq acabou me esquecendo na correria do dia a dia",2025-04-14 00:52:48
Maxuel Alves,5,o melhor só falta um plano família,2025-04-13 20:49:32
Latorre,4,"O app é super bom e ajuda muito com a prática de código, mas pelo amor de deus coloquem um Widget pra celular!!!! é muito mais fácil de lembrar de fazer as tarefas desse jeito e não perder o streak semanal!!",2025-04-11 00:01:34
Ageu Wapondjamba Capumu Dala Dala,5,"A app é excelente, muito simples nas explicações de conceitos difíceis, a única dificuldade é mudar o idioma de inglês para português.",2025-04-09 21:03:38
Payn Dardos,4,não consigo fazer a assinatura,2025-04-09 14:49:54
GABBY,5,"super simples e rápido de aprender, mas poderia ter em outros idiomas.. inglês é muito importante na nossa área porém nem todos sabem o suficiente para entender, pra minha sorte eu ainda consigo entender de boa mas muitos amigos em que eu recomendei acabaram não utilizando o app por este simples fato",2025-04-08 17:59:08
Marcelo Enrique,5,e excelente muito bom e fácil e prático de aprender,2025-04-08 10:29:00
Mac Castro,5,Bem autoexplicativo e de fácil interação. Facilita ao aprendizado.,2025-04-05 18:38:58
Matheus,5,AAAMOOOOOO!!!!! PROOGAAMMAAÇÇÇÃÃÃÃOOOOO!!!!! LIKE ele tá me ajudando muito ooo!!! huuuu huuuuu eu tô adorando é fácil e bem divertido tô editando no CASTLE e ele tá me ajudando muito!!!! ;]),2025-04-04 22:04:10
Ricardo Moraes Pinto,5,"Sou iniciante ,mas é muito fácil e didático. Dá pra entender muito bem",2025-04-04 15:13:42
Fernanda Amorim,5,"O app é muito bom, excelente pra quem quer fixar conceitos básicos da linguagem. sugestão: meu dispositivo é um Xiaomi Android v. 14 e apresenta um bug na hora de digitar os códigos, a posição da escrita volta pro começo das linhas e acaba atrapalhando na fluidez do app. Seria legal corrigirem esse erro",2025-04-03 07:26:02
Marco Paoli,2,"Cheio de perguntas que nos dão a sensação de perda de tempo. O grande problema desses aps é o nivelamento: Embora você informe que já tem conhecimento no assunto, ele inicia com perguntas extremamente fáceis.",2025-04-02 18:39:45
Karla Lima,5,Maneira mais fácil de aprender a programar.,2025-04-01 10:17:42
Edon Rosa,5,"Achei muito bom, a metodologia é mais efetiva do que a do DuoLingo por exemplo, parabéns... poderiam me dar um acesso PRO como cortesia ? assim que puder, irei comprar seu app com o plano anual.",2025-03-31 18:21:05
David Oliver (Portnoy),5,ótimos conteúdos! É bem de dático e de fácil entendimento.,2025-03-30 23:38:54
Gisele Teixeira,5,"muito bom aplicativo, bem fácil de usar e aplicar no cotidiano",2025-03-29 23:20:48
Djalma Santos,5,estou aprendendo python e tá sendo bem fácil de aprender. é como se fosse o duolingo de programação. parabéns para os desenvolvedores!,2025-03-29 19:58:34
Joaquim Martins,4,muito fácil e prático,2025-03-29 15:18:59
Mateus Joaquim,5,"O aplicativo é muito excelente, fácil explicação. A única dificuldade que tenho, é a tradução no telemóvel. Somente vem tudo em inglês. Mas o aplicativo merece mais do que 5 estrelas. 👏🏾👏🏾👏🏾",2025-03-28 09:33:24
Johan Liebert,5,"ótimo aplicativo de programação com poucos anúncios, ótima interface e um aprendizado fácil e continuo",2025-03-26 02:06:51
Felipe Dorea,3,"Eu sempre evitei o app pois achei que era um jogo, mas na verdade é um ótimo app pra aprender python e qualquer linguagem. E também da pra programar qualquer coisa em qualquer linguagem no practice. Edit: Esquece o que eu disse, tem uns problemas aqui e ali: primeiro que se você sabe um pouco mais, não dá pra pular pra outra lição, e depois de um tempo tem que pagar pra continuar. Pensei que era bom mas me enganei.",2025-03-24 21:14:58
Wermesson Sousa,5,"o app é simplesmente perfeito, frizei vários conteúdos apenas no gratuito, pretendo sim assinar o plano pago🤩🤩 RECOMENDO DMS!!!",2025-03-24 11:45:12
Odin Silva,1,"fraude, depois do período grátis, passo a aparecer uma cobrança de R$ 199,00 - Google mimo bmgh BR. EU NAO ACEITEI E NAO TEM NENHUM LUGAR QUE O PERÍODO GRATIS TEM QUE PAGAR - BEM TÍPICO DAS EMPRESAS QUE INDUZEM AO ""ERRO""",2025-03-23 04:17:34
Alexssandro Honorato,5,"aplicativo excelente, só senti falta da tradução na versão pra desktop",2025-03-22 08:58:21
Will,3,"Antes eu havia avaliado com 5 estrelas, pois é um bom app. Infelizmente um bug irritante me fez mudar a nota, pois frequentemente ao terminar uma aula, o app não calcula os sparks, alegando que estou offline, mesmo com wi fi e dados móveis ligados. Para piorar, o progresso também não é atualizado e preciso refazer a aula. Fica difícil ter que fazer cada aula duas vezes para avançar no curso.",2025-03-21 19:56:30
Rafael Alves,5,"Aplicativo muito bom para os estudos, gostaria que tivesse a opção de aprender sobre C++",2025-03-21 15:45:19
Paloma Mayumi,5,"Ótima didática, mto dinâmico (alguns bugs q podia consertar, mas de resto maravilhoso)",2025-03-21 11:06:12
Walesca Amaro Rodrigues,2,"O app ensina bem, mas o paywall estraga tudo. A primeira parte do curso é gratuita, depois tudo fica bloqueado e só continua quem paga. Poderiam liberar o aprendizado básico e deixar recursos extras como pagos, mas não, fizeram um pay to win do conhecimento. Se vc que está lendo quer algo realmente gratuito para aprender Python ou outra linguagem, procure outras.",2025-03-20 11:07:39
Eduardo,3,Poderia ser pago apenas depois da amostra de 14 dias.,2025-03-19 18:23:12
Bianca Miyazaki,5,"assinei o pro, estou amando, ele ensina desde noções bem básicas e com o avanço vai aumentando a dificuldade. Está me ajudando muito a acompanhar a minha faaculdade de BSI e me ajudando a aprofundar",2025-03-19 15:44:38
Fox Filme,3,"O app é bom, porém tem um problema, todos os projetos, eles nos mandam ter uma versão desktop, para poder acessá-los. Fazendo assim, o aprendizado ser incompleto!",2025-03-19 02:06:52
Wanderson Cardoso,5,"aplicativo prático e fácil de manusear, nos propondo instantaneamente a prática do aprendizado.",2025-03-18 08:22:19
James Felipe,4,"Seria legal se fosse possível recuperar as vidas com anúncios, vcs ganhariam mais dinheiro eu ficaria mais feliz...",2025-03-17 09:26:19
Jessé Gonçalves,4,eu realmente estou gostando muitoz é fácil de aprender e segue um ritmo relaxante,2025-03-15 23:39:27
Michel AntunesKF,5,aprendizado didático. fácil de aprender até pra quem não entende nada de programação. duolingo da programação.,2025-03-15 22:13:41
Lorrany Gomes,4,"é legalzinho, você ler e achar difícil, mas se você presta a atenção você acerta sem nem ver, e bom também você escreveu o que aprendeu no caderno pra você não esquecer, íngua você faz na escola, isso ajuda a grudar no cérebro",2025-03-15 18:03:45
Nine_ n0t_Found,4,"o app é bom porém poderiam fazer igual ao duolingo, ter dois bloqueios de ofensiva para caso de emergência. Pois pode ter casos que a pessoa possa perder-la por motivos banais, de exemplo: eu a alguns dias atrás fiquei sem Internet e não consegui fazer, tive que gastar todo meu dinheiro pra recuperar, só que hoje cheguei cansada do trabalho e acabei dormindo, acabando com a minha ofensiva. Isso faz com que a pessoa perca um pouco da vontade de estudar, talvez até pense que não é pra ela.",2025-03-15 01:36:52
L. Costa,5,Excelente! Mas gostaria de sugerir uma forma prática de revisar o conteúdo já visto. Só tem a opção de refazer tudo? Seria perfeito se tivesse como revisar tudo Só lendo mesmo.,2025-03-14 17:32:14
Dann Santos,5,é uma bom App para aprender programa só falta adicionar um método para que possamos ganhar coração (assistindo vídeos ou corrigindo erros ) no geral nada para reclamar os desenvolvedores fizeram um grande trabalho parabéns,2025-03-14 08:12:15
Danilo Mendes,3,"Bom aplicativo para iniciantes, mas me frustrou ao perceber que mesmo assinando o pro, não consigo fazer as lições no computador, exceto o primeiro módulo. Assinatura Max é inviável, 200 reais por mês ou 1300 anual",2025-03-13 16:00:52
Enzo Paranhos,3,"Muito bem feito, mas tem muitos bugs. O principal e que muitos reclamam é quando você termina o exercício e ele não carrega, dizendo que você está off-line e fazendo com que a pessoa tenha que refazer o exercício várias vezes. E o pior de todos (que aconteceu comigo) , foi simplesmente deletar TODO o meu progresso quando eu fiquei uns 2 dias sem usá-lo, ele tinha até saído da minha conta, e quando entrei, ele simplesmente apagou tudo.",2025-03-12 11:13:27
Emerson Sousa,5,Bem prático e fácil aprendizado!,2025-03-11 19:12:57
Kalii,5,"ótimo aplicativo, ajuda bastante na prática!! adorei pretendo usar muito. Gostaria que o app tivesse widget para colocar na tela inicial e mostrar minhas sequências oq me manteria mais animada para sempre entrar no app e não esquecer do login e prática diaria.",2025-03-11 16:21:07
ninjamaster prata,5,Melhor app pra aprender a programar pelo menos ter uma noção de como é os desafios ajudão muito a solução de problemas,2025-03-10 20:52:06
Jefferson Tafarel,4,"O app deveria mapear melhor as necessidades de linguagens de programação, ter mais diversidade de exploração. Falta um pouco de imersão no app. Felizmente, a dinâmica de aprendizagem e a forma como o conteúdo é explicado é bem clara, concisa e, sobretudo, eficiente. Um bom aplicativo, no geral.",2025-03-10 20:39:30
Mano Leroy,3,"O aplicativo pareceu ser ótimo para aprendizagem. Infelizmente acabei cancelando a assinatura por não conseguir avançar na trilha, já que o aplicativo travou logo no segundo capítulo do curso.",2025-03-10 19:12:14
leonardo santana,5,"fácil de usar, conteúdos muito bom.",2025-03-10 08:55:04
Elen soares,5,é muito difícil mas canto aprender ficar Fasio,2025-03-09 19:45:34
sleep,3,Eu achei o app legal porém achei complicado (acho q eu n configurei a dificuldade corretamente).,2025-03-09 18:14:59
André Sousa,5,"Esse aplicativo merece 5 estrelas só pelo fato de estar em português. Os níveis de aprendizado são lógicos e te ajudam a treinar cada vez mais. As explicações são claras e fáceis de entender. Além disso, a plataforma é generosa e sabe equilibrar bem os recursos gratuitos e pagos. Acredito que essa é uma ótima forma de começar a aprender programação. Parabéns aos desenvolvedores!",2025-03-09 09:51:13
Isabela,5,é um app muito intuitivo e fácil de entender.,2025-03-08 10:46:26
João Sobral,5,"Muito bom me ajudou bastante, mas poderia ter a opção de comprar ao invés de assinar.",2025-03-07 17:10:46
Fernando Silva,1,"Péssimo aplicativo, essa gameficação engessada e falta de respeito em nível de conhecimento o tornam um aplicativo ruim.",2025-03-07 13:57:45
Yume Dantas,4,"gostando muito, poderia ter um widget que ajude a manter a streak igual ao duolingo tem. Essa ferramenta ajuda muito a manter a constância e não procrastinar",2025-03-06 21:19:20
Flávio,4,"Eu amo o aplicativo, ele é muito bom. Mas, tive com problemas com os corações... 3h? Não dá! Eu quero corrigir e entender o meu erro, me lascar com meus erros para aprender num app que você pode SIMPLESMENTE corrigir o erro! Fiz 3 erros tenho que esperar 3 Horas para 1 coração, isso estraga a diversão e aprendizado do aplicativo. O app é muito bom, mas com coração não dá! Mudem isso por favor!!!!",2025-03-06 12:45:19
Bruno Guimarães,4,"Estou adorando o Mimo. O único problema é a constante desconexão fazendo na hora de calcular os Sparks o app travar. OBS.: A internet no celular e em casa está funcionando! Mensagem: ""Parece que você está off-line Verifique se você está on-line para fazer com que suas Sparks contem para sua meta diária""",2025-03-05 21:46:14
Angola Tech Pro,4,vou cancelar a assinatura por falta de tradução,2025-03-05 20:24:03
Arthur Alexandre Vasconcelos,4,você aprende mesmo é fácil e é em português O único problema que poderia ser arrumado é nos códigos que ainda está em inglês,2025-03-04 12:32:02
camaleão craft,5,Bão gostei simples e fácil,2025-03-04 00:36:35
Tomasini _Pe,3,"nao muito desafiante, demasiado simples podia ser mais complexo para exigir mais do usario.",2025-03-02 09:19:31
Ian Oliveira,5,"Muito fácil, rápido e intuitivo.",2025-02-28 18:59:08
Silvio A. Da Silva Dionísio,5,"simples de entender, mesmo tendo apenas mínimas noções de inglês mas com a ajuda do tradutor em algumas etapas mais complexas, não tem como não entender, gostei muito do app, gostaria que os desenvolvedores pudessem adicionar opções de linguagem, como o português. obrigado pela atenção, até o momento estou gostando muito do app mesmo sendo utilizador da versão free dá para aprender bastante e de forma simples.",2025-02-28 12:41:00
Olek Ibiapina Müller,5,"Não tô conseguindo assinar a versão PRO. Tento mais de 1 cartão, com limite e simplesmente aparece ""erro"". Preciso de ajuda.",2025-02-27 10:31:00
ZeroX,4,"Aplicativo bom, fácil de entender, poucos anúncios e tem uma interface simples mas eficiente. O que falta agora é aumentar a quantidade de moedas que recebemos. Fora isso, tá 10/10.",2025-02-26 07:18:02
André Gonçalves,5,O Mimo é um aplicativo excelente fácil e divertido com o Duolingo.,2025-02-25 13:28:36
Maionese,5,"O app é incrivel, ótimo para pessoas iniciantes em programação, ou quem quer aprender por hobbie. Mas ele tem um problema, pelo menos no celular, quando eu começo a escrever rápido ele volta para a primeira linha do codigo, isso irrita quando acontece muitas vezes.",2025-02-24 16:44:45
Lorenzo Fabricio Momesso dos Santos,5,muito fácil aprender,2025-02-23 22:47:57
Yghor Khallil,5,"bem fofo , bem fácil de aprender , super prático , e até agora estou gostando",2025-02-23 21:52:52
Claudio Silva,5,"Ensina fácil, é acumulativo e bastante informação então pode acabar assustando um pouco mas é culpa da area, não do app, ele é ótimo",2025-02-23 21:30:08
Bia Bors,5,Estou usando o app há alguns dias. Estou gostando. Por enquanto está tudo bem básico e fácil. Bem útil para quem não sabe nada de programação/python. vamos ver como vai ser mais pra frente.,2025-02-23 09:13:39
Wendell Brayan,5,"app super excelente para quem quer iniciar na programação, super didático e prático, ajudando a fixar o que aprendemos, além dos incentivos a manter uma constância no app. so tenho algo a reclamar, Sinto falta de mais interação entre outros usuários, como poder mandar mensagens para pessoas que você segue e ela segue de volta, a implementação de uma aba de conversas com a comunidade, criando uma interação maior entre os usuários, com dúvidas, dicas, entre outros. Realmente só sinto falta disso",2025-02-23 00:19:22
Richard Menezes,4,"Aplicativo muito intuitivo e dinâmico, de fácil manuseio e aprendizagem.",2025-02-21 17:25:17
Barbara Della Torre Sproesser,1,"Logo de cara te empurram para uma assinatura, com um free trial que você quem precisa ir atrás para cancelar. Não, obrigada. Embarcar nessa modalidade é pedir para ter dor de cabeça. O melhor seria liberar por compra.",2025-02-21 07:55:01
Matheus Rocha,4,"um ótimo app para se aprender, e a quantidade de anúncios agradável para uso gratuito.",2025-02-20 19:02:39
Gabryel Aires,1,"Tudo pago, você não consegue fazer uma lição que preste sem pagar o plano MAX (EU ASSINAVA O PLANO NORMAL), não tem tradução que funcione corretamente e sinceramente, não vale o preço",2025-02-20 16:39:21
Edrey,4,app muito legal mais a assinatura e 200 REAIS?? pq tem que ser 200 poderia ser mais barato por mes,2025-02-20 12:17:17
Lucas Montalti,3,"Dá pra aprender muita coisa legal nele, e ainda coisas de tudo quanto é tipo de linguagem. A versão web também agrega bastante a experiência do Mimo. O único problema é que o site web não está mais funcionando, aconteceu algum problema e todos os cursos estão bloqueados do início ao fim faz algum tempo, até mesmo os que eu já fiz.",2025-02-19 18:15:55
Yran Vitor,5,"MELHOR APLICATIVO DE PROGRAMAÇÃO SIMPLES!! O app ensina tudo que você precisa para sua carreira com códigos simples, esse foi um dos únicos, de toda a categoria de aplicativos, que me ensinou código de verdade, o melhor do catálogo de programação para aprender. O único problema é que você pode errar apenas 5 vezes a cada 3 horas, se errar as 5 vezes, terá que esperar 3 horas.. Mas tirando isso, é a única coisa que afeta, melhor app possível!!",2025-02-19 16:45:45
ɐ̷ɯ̷s̷ɐ̷ʇ̷u̷ɐ̷Ⅎ̷,1,"Sinceramente o aplicativo é bom, porém está com problema sempre q termino alguma atividade aparece calculando sparks e dá falha de conexão como se eu estivesse offline, e quando refaço pela segunda ele n dá problema. Mas é horrível ter q fazer 2 vezes a mesma atividade",2025-02-19 12:16:51
Igor (Trovs),5,"show de bola, da pra testar os códigos dentro da area de praticar, só falta os codigos nas lições serem traduzidos (não as tags e funções, mas os exemplos) assim trazendo mais acessibilidade, mas além disso, o app é mt bom.",2025-02-19 00:07:44
Mariana Pereira,5,gostei fácil de entender,2025-02-16 09:14:53
Alexssandra e Lara Luz MLP UwU,5,Amei....muito bom e fácil de aprender. muito didático.,2025-02-14 12:37:40
Nicolas Cecagno,1,Pago qualquer curso,2025-02-14 10:11:18
Pedro Ramos,4,"Muito legalzinho e fácil de fazer, me lembra muito o duolingo curtir bastante",2025-02-13 22:54:50
Matheus Camargo shida,1,É pago horrível,2025-02-13 17:24:48
Priscila Correia,4,"O Mimo é um excelente app para aprender a programação do zero, não vi defeito algum no app, além do idioma. O app teria como trocar o idioma para o português oque seria muito bom pra mim que esta aprendendo ainda o inglês, desse jeito, eu tenho tido dificuldades em entender as questões e tudo mais, tenho que estar com um outro app pra traduzir em tempo real, oque também acaba estragando a excelência do app. Sei que podem não ler esse comentário, mas eu oque eu sugiro, coloquem o idioma português",2025-02-13 13:46:25
Juan Gianotto,4,As vezes o app da problemas com o sinal da Internet,2025-02-13 11:20:55
Douglas Gonçalves,5,Muito didático! Plataforma fácil de mexer.,2025-02-12 20:26:40
Francisco José Ferreira da Silva Da Silva,5,"Cara esse app é muito bom e explicativo, fácil de seguir e começar a entender um pouco de programação, eu estou adorando o mesmo.",2025-02-12 17:21:56
Edson Da Silva Isidoro,4,"O app tá melhor a cada a dia,e os ensinamentos são bons de programação,... Mas tá com problema no sentido quando celular escurece quando demora mexer, a aulas de programação fecha também,nem que seja por segundos... Perde a onde parou...",2025-02-10 09:07:11
Maria Massanga,4,ótimo app fácil de usar e aprender sem muitos anúncios,2025-02-10 08:35:04
darkin rp,5,estou aprendendo rapidamente até quem tem dificuldade em aprender pode aprender em algum momento de aprendizagem ou até mesmo de estudo,2025-02-10 01:55:06
Vinicius Bondezan,3,"bem simples e intuitivo, não tem margem para erros, a não ser pela falta de atenção.",2025-02-10 00:16:40
Karem Soares,5,"Os desenvolvedores devem ser anjos enviados por Deus pq nem computador tenho e sou uma porta pra esse assunto, mas ainda tô aprendendo algo. Minha avaliação não tem muito importância porque não tenho o mínimo de conhecimento sobre, mas o aplicativo é super fácil de usar, não trava, muito bonito, e explica de maneira simples pra pessoas como eu que não entendem nada do assunto. Muito obrigada as pessoas que o fizeram💜",2025-02-08 17:32:52
Miguel Rodrigues,5,"muito bom,é prático e fácil de aprender",2025-02-08 14:17:15
samuel damasceno,4,poderiam so adicionar widgets que nem o duolingo né,2025-02-08 00:18:33
Eliseu Macedo,2,Paguei o pro para fazer tarefas melhores e quando fui para o computador tem que comprar o max muito ruim não instale-o!!!,2025-02-07 11:59:16
AS,5,"muito bom, estou aprendendo muito bem, podia ter em português",2025-02-07 10:18:37
Tiago Rubbo,1,"Coloquei meu interesse em python, mas o app fica só me dando exercícios de HTML, isso eu já sei, se eu não posso nem escolher o que eu quero estudar sem pagar mais caro que um curso não compensa usar o app",2025-02-06 21:18:26
Matheus Silva Novaes,4,o app é um duolingo de programação muito bomm recomendo. só não dou 5 por falta de dublagem em algumas partes do código,2025-02-06 14:46:38
Diogo Sämy,1,"Eu assinei a versão Pro, porque aparentava que eu conseguiria fazer tudo do app, mas quando vou fazer os projetos, eu não sou permitido. No app fala para fazer o projeto pelo computador. E no computador fala que eu preciso assinar a versão mais cara que a Pro para conseguir fazer os projetos. Acho errado eu pagar assinatura e não conseguir fazer nenhum projeto. Como vou aprender de verdade desse jeito!? Vocês deveriam ser explícitos antes de propor uma assinatura para o cliente.",2025-02-06 13:10:26
Ana Neves,5,muito bom mas e muito caro o ano prefiro pagar o mês,2025-02-06 05:46:04
Gabriel De Jesus.,1,poderia ser melhor 👍.,2025-02-05 18:51:36
Luis otavio Galvan,5,Muito bom tô aprendendo muito fácil python com esse aplicativo.,2025-02-05 14:00:24
João Emanuel R dos Santos,4,"Minha experiência foi ótima só tive um pouco de problemas com bugs no hud. Recomendo para quem quer se aprofundar mais ou para quem nem sabe ainda como programar. Uma ideia para melhorar! Vcs podem trazer um editor de linguagem de programação. Fora do app. Seria mais legal. *Edit: Traz mais cursos, o C# ou C++. Eu gosto muito dessa plataforma, PORFAVOR atualizem, tragam mais novidades.",2025-02-04 22:33:54
Alex,5,"É um app de programação bem bacana! Você pode aprender várias linguagens desde o início e aprimorar suas habilidades! No entanto, gostaria que corrigissem o lag do playground, pois enquanto programo, as vezes a palavra que digito desaparece ou a barra de digitação sai do lugar, e tenho que digitar lentamente pra não acontecer, é algo que atrapalha, mas não muda o fato deste app ser maravilhoso! ✨",2025-02-04 16:21:19
Hexada Lifestyle,1,"Eu paguei o aplicativo mais de 200 reais, e infelizmente apenas a parte introdutória do curso pode ser acessada. Fiquei muito chateado. Propaganda enganosa. Para poder acessar tudo e necessario pagar o PRO, e fica inviável na condição econômica atual pagar.",2025-02-04 14:21:27
mathk4,4,"Proposta muito boa, estou gostando. Mas acho que poderia ter a opção de pular o módulo ou atividade, igual no Duolingo, porque as vezes você já sabe aquele conteúdo em específico.",2025-02-04 09:01:15
Ederson Andrade,5,"aplicativo excelente, até o momento não tenho o que reclamar, porém a versão de pc não tem em português dificultando o entendimento das coisas, gostaria de adquirir o max porém sem pt br no pc, não da.",2025-02-03 22:31:35
beca,5,"Um aplicativo excelente pra quem deseja programar. Fácil de usar, lições, explicações e muito mais! Claro, tem anúncios (mas não a cada um segundo, e não são anúncios de vídeo), mas isso serve para o funcionamento do app por ele ser gratuito. É um aplicativo ótimo pra quem nunca mexeu em programações. Recomendo muito!!",2025-02-02 12:39:23
Enzo Carvalho Martins,4,muito bom mas as vidas é ruim sabe e nao tenho dinheiro para comprar entao é 4,2025-01-30 22:38:05
Daniel Carvalho,5,muito bom para quem não sabe nada sobre programação. Todas as mini aulas são bem explicadas e não é muito difícil de entender.,2025-01-29 17:35:19
Bruno,5,"Eu realmente não tenho o hábito de avaliar nada,mas esse aplicativo merece! Eu nunca pensei que fosse tão fácil aprender linguagem de programação,esse aplicativo realmente tem uma metodologia de ensino muito fácil pra iniciante! É simplesmente incrível! Obrigado por existir!",2025-01-28 21:23:40
luidy Rodrigues,5,aplicativo excelente muito bom fácil de entender simplesmente perfeito.,2025-01-28 10:56:04
Waterfofu,5,bem legal e fácil de aprender,2025-01-27 19:08:04
Rafael Soares,3,muito ruim de conectividade utilizando dados móveis.,2025-01-27 10:10:53
Gabriel Guizan,4,É um bom APP mas tem apresentado problemas ao fechar a atividade fazendo o usuário ter que repetir a mesma lição uma ou duas vezes.,2025-01-26 17:53:57
Viktor Hugo,5,gostei ele te ensinar é muito fácil de usar,2025-01-23 13:28:32
Peterson Campos Marques,4,"É um ótimo aplicativo de linguagens,muito bem introduzido com otimas questões ,pelo mais fácil para o mais difícil . Porém acho que tem como melhorar o aplicativo com mais explicações,principalmente quando faz perguntas pois as vezes que eu erro eu fico sem entender pois não tem a explicação do porquê eu ter errado ,apenas mostra a alternativa correta. Na opiniao poderia melhorar nessa questão,talvez não seja apenas eu com esse pensamento então vim dar essa sugestão para vocês e Recomendo add C",2025-01-21 21:13:58
Gabriel Casagrande,5,é bom estou estudando HTML fis só k inicil e aprendi mais do que um video poderia,2025-01-21 18:39:47
Marcos Antônio De França,5,"ótimo aplicativo para estudar programação, mas sinto falta de mais explicações e linguagens como C++ e C#. Também sinto falta de coisa voltada para game dev.",2025-01-20 01:27:56
Pablo de Moraes,5,"Divertido e de fácil compreensão, gostei demais!",2025-01-18 22:05:18
Pedro Hélios,5,"Prático, simples, fácil de aprender. Muito bem feito, parabéns. Print(""congratulations"")",2025-01-17 12:22:50
adriel vilela,5,fácil e divertido,2025-01-16 19:20:50
Gabriel Possmozer,4,bom porém é um pouco difícil a compreensão de algumas questões,2025-01-16 16:38:03
Thiago Santos,5,"muito bom, eu q sou muito lerdo, mais vou melhorar",2025-01-14 20:21:29
mikotourabe,5,"muito bom, mas tem muita coisa pra melhorar, por favor considerem as sugestões: pesquisar coisas para aprender, tornar o mimo tipo uma mini rede social onde pessoas podem se ajudar. eu não sei explicar mas algo tipo um catálogo, github etc seria muito bom",2025-01-14 18:16:58
SamuelBloxFruit,5,"ótimo pra quem quer começar á carreira de programador, muito bom e nem anúncios tem direito, eu tou usando o APP por trinta minutos ou mas e só apareceu um anúncio até agora, 100% recomendável pra iniciantes da programação 👍👍",2025-01-13 01:05:26
Rafael Lopes,5,"Ótimo App! além de ser fácil de aprender é muito interativo fazendo com que qualquer pessoa sem conhecimento em Programação possa aprender, além de ter opção gratuita assistindo poucos anúncios não sendo uma tela cheia de pop_ups garantindo a boa experiência do usuário mesmo na opção gratuita.",2025-01-12 21:05:47
Luan Carlos Moreno Roberto Camilo,5,"Excelente!Educativo, prático e fácil interação.",2025-01-12 13:15:05
Rafael Figueiredo,5,é fácil e divertido nota 1000 de 10,2025-01-11 11:41:16
Helen S,1,É pago,2025-01-10 23:06:59
moises lobato de souza,5,Mimo está me ajudando muito a aprender Phyton e de maneira fácil e divertida. Obrigado.,2025-01-10 18:33:15
Rafa Lopes,5,achei muito bom é fácil de entender e ensina muito bem,2025-01-10 16:40:58
Jose Oliveira,4,Poderia as vidas para a versão gratuita recarregar um pouco mais rápido para quem está treinando não perder o foco ou deixar tipo mais legal de aprender httml,2025-01-09 21:05:44
Ariane Souza,5,"O aplicativo é muito bom, fácil de usar.",2025-01-09 12:36:35
Guilherme Albuquerque,5,App divertido e de fácil compreensão.,2025-01-08 22:26:57
Paulo Samperi,4,"Avalio com 4 estrelas, porque há um bug após eu concluir algumas lições em que a tela do ""Carregando sparks"" aparece por alguns segundos e depois retorna a mensagem que eu estou offline, mesmo eu não estando, fazendo com que eu perca a lição feita. Corrigindo esse problema, com certeza darei 5 estrelas.",2025-01-07 14:52:41
Nicolas Barros de Lima,5,"acabei de começar com o app, então não tenho muito o que dizer,mas gostei bastante da interface e é muito fácil de aprender/decorar os ""comandos"". Recomendaria para quem quer começar.",2025-01-05 23:15:33
Caio Ortiz,3,"Mimo já foi uma ótima plataforma de aprendizado gratuíto. O curso de Python continha exercícios práticos que estimulavam o aluno a escrever códigos simples relacionados a problemas e conceitos do cotidiano. ""Crie um código que ligue a luz quando estiver de noite e a desligue quando for de dia"" o aplicativo propunha e nos dava os meios de escrever o código como ele queria. Infelizmente hoje, assim como com outras ótimas plataformas gratuítas, o curso está esvaziado. Chocho, manco, capenga.",2025-01-05 16:10:53
Luis henrique pereira de sousa,5,"é muito mais Fácil aprender com esse app, estou adorando",2025-01-05 07:54:58
Camila C Pozzolini,5,"Achei fácil de aprender, Adorei!",2025-01-04 05:13:08
Sarah Stefanny,5,"O app é excelente pra quem não entende nada de programação, ensina muito bem e é bem simples então é fácil de aprender.",2025-01-03 20:21:09
Bartolomeu Chicoa João (Zer0),3,"Poderia e deveria ter uma versão em português! Só por isso dou 3 estrelas de avaliação. Actualizem isto por favor, coloquem uma opção para alterar o idioma. O restante eu só devo elogios pelo bom trabalho desenvolvendo o App destes.",2025-01-01 07:02:36
Gilberto Neto,4,"Iniciando a experiencia com o aplicativo, no geral bom e intuitivo, porém de cara apresenta um problema incomodo, ao terminar tarefas ele variávelmente diz que o usuário está sem internet (o que é False) e não conseguiu gravar o progresso, obrigando o usuário a repetir a tarefa, isso é enfadonho.",2024-12-30 02:48:25
werberson sampaio,4,"Muito bom, didática simples e de fácil compreensão.",2024-12-29 12:32:23
Paloma Hoffemann,5,"Nunca acreditei que conseguiria aprender programação de forma tão fácil como estou aprendendo com o MIMO. Ele lembra o método de aprendizado do Duolingo. Amei. O preço da assinatura é meio salgado, estou ainda no período de teste. Se continuar assim vou ver se consigo assinar.",2024-12-27 02:17:52
Gabriel Guimarães,4,"Dou 4 estrelas porque o app ensina muito bem explica e vai em todos os pontos da pessoa até ela passar em todas as atividades feitas, se a pessoa errar ela faz exercícios para esse erro não ser mais o problema do usuário. Mas o único problema que tenho é que não consigo fazer meu cadastro no app, por isso que dei 4 estrelas se não fosse esse problema do cadastro seria 5 estrelas fácil.",2024-12-26 23:16:36
Geisibel Padilha,5,"Excelente, força pela memória, e é de fácil fixação nos exercícios.",2024-12-26 21:09:10
Carlos Eduardo Dias Gomes,5,"Ótimo aplicativo, além de ensinar tudo perfeito e contendo todos os conteúdos necessários, tem um ranking que ajuda a incentivar as pessoas a continuar estudando, mais eu gostaria que quando aprendermos uma seção, fizéssemos uma pequena página contendo o que agente aprendeu pra fixar melhor o aprendizado, e também tem uma questão do script que só podemos fazer no computador e algumas pessoas não tem então poderia ter um jeito de fazer pelo celular. tirando isso aplicativo ótimo.",2024-12-13 00:36:12
Psico_Gamer_,5,"ótimo app, muito intuitivo e lições fáceis, que deixam mais fácil decorar.",2024-12-10 14:49:20
Marcelo Huguenin,1,"Cheguei ao app por um ad no Instagram que dizia ser 100% gratuito, quando baixo ele, simplesmente são 14 dias gratuitos e depois só pagando, propaganda enganosa",2024-12-10 00:35:58
Gabriele Gerola,5,"Amei, é fácil de entender e prático",2024-12-07 19:15:07
rty men,5,"Incrível! Esse app com certeza é o melhor app para aprender programação hoje em dia, com revisões que ficam o conteúdo e com um estilo parecido com o Duolingo, ótimo para iniciantes. Esse app entrega tudo que um app pago entregaria e até mais, sendo de graça. Realmente o melhor app de programação que já testei!",2024-12-06 23:35:32
Alexandre Kacinskas Barreto,5,"gostei muito do aplicativo, é muito funcional, não dá nenhum problema e é bem divertido",2024-12-05 20:52:48
Magnus Cardoso,5,De longe um dos melhores apps educativos. O conteúdo é muito bom e ele é lindo. Fácil de usar e de viciar também hahha app maravilhoso!,2024-12-04 21:56:27
Paulo Silva,5,"Muito bom, fácil de aprender intuitivo",2024-12-04 14:25:40
Sebastiao Marcos,5,"O aplicativo é excelente! Mesmo sem saber quase nada, foi muito fácil de aprender. Possui uma boa interface, tudo em português.",2024-12-04 14:23:41
Renan Nascimento,3,"O app é bom. Mas entendo que a didática ainda é relativamente fraca, quando relacionado a neuro aprendizagem. O estímulo visual e auditivo dos conteúdos ajuda na retenção do conhecimento mais do que a repetição da leitura do conteúdo. Não estou dizendo que não dá para aprender e que não é bom. Mas sem dúvida poderia ser muito melhor.",2024-11-30 21:47:08
Gabriel Da Silva,5,Muito Legal e fácil de aprender 😃,2024-11-29 21:55:36
Lucas André,5,Muitíssimo fácil de usar e um excelente método de ensino.,2024-11-29 12:38:14
Luis Renesson,5,"Super indico, app bem explicativo e fácil de entender",2024-11-27 21:35:02
Gamma 2,4,"Cheio de conhecimentos, o app é um duolingo dev. Seria ainda melhor se desse pra pular etapas com provas, alguém que já sabe o básico como eu e quer focar em desenvolver terá que voltar ao nível do hello world 😅. Pelo que vi, não dá pra fazer isso no grátis. Tô usando pra melhorar minha lógica e aprender mais, mesmo que o certificado provavelmente seja pago, o que importa é o conhecimento",2024-11-25 23:18:46
Luísa João,4,"Gostei do aplicativo, a única coisa que achei ruim foi o facto de não ter opção de escolha de idioma, seria óptimo se esse ponto fosse revisto",2024-11-24 19:04:22
Werbeth Martins,5,"Muito bom! A forma como é ensinado é muito didático, e fácil de aprender.",2024-11-23 18:30:00
Aline Simões,4,"Tem uma interface muito bonita e agradável. O único problema é que sempre aparece um bug que diz que o celular está offline e não calcula a pontuação no final da lição, tenho que voltar e refazer novamente. Isso desistimula um pouco. A versão pro do app também apresenta esse bug.",2024-11-22 23:20:29
Marlom Do Deserto,4,"App muito bom, mas sentir uma falta de deixar nós escrever mais, só darmos resposta pronta, mesmo que seja só o começo, deveria ter pelo menos uma opção de teclado pra apenas digitar a resposta, tá sendo muito fácil apenas selecionar respostas para mim, fácil assim, ironicamente pode ser mais difícil gravar, pois escrever eu vou já ta praticando e vou vendo se consigo ou o que preciso melhorar.",2024-11-22 19:50:27
Marcus Silveira,3,O app tem me ajudado bastante no aprendizado porém a ofensiva só funciona para mim quando estou conectado no wifi. Quando estou nos dados móveis ele não conta a lição. Quero comprar a versão paga porém não vou fazê-lo se o problema continuar..,2024-11-20 08:55:43
Kennedy Kody,5,"está sendo bem interessante aprender, vamos ver como será daqui para frente, depois avalio novamente, é bem intuitivo, único ponto que já vi em outros apps é que sinto falta de áudios narrando os textos, para tornar os processos de interação mais práticos e acessíveis",2024-11-18 22:24:42
Neder Proença monteiro,4,"É muito fácil de aprender com esse app, estou gostando de mais.",2024-11-18 14:08:16
Levi Costa,5,"Acho o mimo um aplicativo excelente pra poder aprender programação em diferentes linguagens. Eu uso Duolingo porque aprendo inglês e francês, e também que tenho pouco tempo livre. Então por conta disso, tenho pouco tempo pra estudar no Mimo e também que é bem difícil manter uma sequência. Mas o aplicativo é ótimo, não tenho o que reclamar.",2024-11-18 09:32:50
Lucas Nunes,5,"App ótimo, ensina numa forma simples e fácil de se entender provavelmente eles se inspiraram no app Duolingo para criar o app, 10/10.",2024-11-16 14:07:16
Samuel Sacramento,5,Até agora não tive nenhum problema com o app e tá sendo bem divertido e educativo.,2024-11-16 09:17:55
Daiany Cristina dos Santos Mendes (Daiany_C2s),5,"Acho o app excelente,porém ele poderia ter a função de widget para lembrar de completar as sequências de estudo",2024-11-15 22:03:37
Jefferson Duarte,5,"Quem quer aprender programação,esse app é sensacional ,seus cursos são mega fácil de aprender, se tive interesse mesmo, esse app se torna um professor virtual, onde vc pode aprender programação, no começo do ano praticamente,eu instalei ele, não sabia nada sobre programação, nem o que era linguagem de programação, mas graças a ele sei da linguagem python, é tbm HTML, apesar que eu quiz aprofundar mas em Python, os desenvolvedores estão de parabéns!!! Thank you 😊",2024-11-14 22:49:43
Andy Luíz,5,bem simples e fácil de entender,2024-11-12 20:47:24
Rafael Mota,5,divertido e fácil,2024-11-11 16:31:29
Matheus Henrique Monte da Silva,5,"O app é muito bom, mas acho que deveria ter um plano para análise e talvez até ciência de dados. Além disso, poderia criar novos exercícios.",2024-11-08 23:10:06
Talles Araujo,5,"O App é muito bom, muito bom mesmo. Só acho que deveriam melhorar a forma de pagamento dos anuais, oferecer mais opções de pagamento.",2024-11-08 20:38:51
PETERSON,4,"O app é ótimo, as explicações são mt bem resumidas com as atividades e práticas do q aprendeu ao longo do caminho. O app poderia melhorar na parte das questões quando vc acerta ou erra dando uma breve explicação do conteúdo q caiu na tal questão,principalmente quando erra para o usuário entender o do pq ter errado. E tenho uma sugestão de adicionar a linguagem C.Estou fazendo curso de Ti e na matéria que tem essa linguagem o prof n explica mt bem😅😅.",2024-11-07 19:48:54
Nicolas Makiniks,2,"Constantemente sou notificado após finalizar a atividade que os pontos de atividade não serão considerados por falta de conexão porém estou 100% do tempo na rede móvel... É necessário refazer a atividade 3, 4... 5 vezes, maçante demais!",2024-11-07 16:08:55
Maria De souza,5,um pouco difícil mas é muito legal e interessante.,2024-11-06 20:11:30
GAMI Infinity,5,"anúncios rápidos na versão gratuita, muito bom para quem quer começar aprender",2024-11-06 13:13:24
Samuel Lima,2,Olha esse aplicativo é muito bom muito legal e eu gosto bastante dele só tem um problema que eu quero que resolvam isso que não vai continuar duas estrelas porque isso me dá muita raiva meu aprendizado não é 100% concluído por que precisa de computador para te fazer o curso e sabe o início eu achava do aplicativo era para ficar acessível para as pessoas e não para prejudicar e claro não me prejudica mas mesmo assim eu queria participar das outras aulas que tem no computador mas infelizmente não,2024-11-04 20:05:47
Ágata,5,muito bom e fácil de aprender!,2024-11-04 11:02:44
Nilson Ferreira,5,"Excelente app, muito fácil de aprender",2024-11-03 22:41:15
matheus,4,podia ter a opção de começar mais a frente pra quem já sabe ja,2024-11-01 06:13:31
Daniel Araújo,5,"excelente, fácil aprendizagem com conteúdo passo a passo!",2024-11-01 02:09:46
euguadber soares,4,"Mino é muito bom aprendi muitas coisas em pouco tempo eu recomendo muito para quem está a começar com programação, eu dei 4 estrelas porque á alguns níveis eles ensinam coisas inúteis que não vão ajudar na programação e falta agumas linguagens que eu queria aprender tipo a linguagem ""lua"", mas é uma boa app de programação 8/10 Edite: tem um bug que quando eu estou a escrever o meu codigo do nada vai para o topo da pagina.",2024-10-31 19:46:56
Romulo William Silva Dos Santos,4,"Estou gostando bastante, contudo é constante o problema de carregamento ao concluir a lição. Assim dá um erro e não contabiliza a tarefa, sendo necessário realizá-la novamente.",2024-10-30 20:07:08
Mirian Arte,5,"Muito bom!!! Comecei agora e to aprendendo html, não sei se é o jeito que explicam, mas parece muito fácil de aprender algum dia crio um site, e ja vou indo testando as coisas que aprendo em programas de preview rs Acho que pra quem é leiga que nem eu é um ótimo começo ^^.",2024-10-27 11:06:51
Luiz Guilherme C. Santos,5,Muito legal! Uma forma fácil e divertida de aprender!,2024-10-25 16:29:33
Wanderson Gomes,5,muito didático e fácil de aprender,2024-10-25 10:57:36
Jhonata Silva,5,"Muito bom! aprendesse o básico de forma rápida, e fácil de entender",2024-10-24 23:08:05
Daniel Novais,5,"O mimo é um app excelente para aprender a programar, não estou em um nivel avançado no app, mas posso dizer que ele esta sendo bem divertido. Entretanto tem algumas coisas que podem atrapalhar, a primeira é que quando vc apaga os códigos muito rapido, ele do nada volta para a primeira linha, sem apagar o resto, e também tem a questão sobre botar imagens na aba playground, que poderia ter algumas imagens pre prontas para vermos como que ficaria. Tirando isso o app é muito bom!",2024-10-24 13:11:00
Lucas Melo,3,"Estou gostando só que tem um sério problema em relação a conexão com a internet e a finalização das questões! Toda hora que termino em 80% dos casos da falha na internet, diz que não estou conectado e tenho que repetir novamente a etapa que já fiz. Muito desanimador, já cheguei a fazer mesma 3 vezes seguidas. Fora isso estou gostando bastante",2024-10-23 09:51:02
Evelyn Karim Lima,5,"Tenho uma dúvida, o plano Max é cobrando mensalmente ou anualmente? Estou com um desconto disponível, custando US$17,49/ Mês mas em seguida com informação de cobrança anual. (US$17,49/Mês cobrado anualmente) Estou confusa! É mensal ou anual?",2024-10-22 08:44:30
Murilo Bastos,1,"Toda hora anúncio, pede pra fazer cadastro e no final é pago",2024-10-22 01:12:14
And Hezain Eiko,5,"Aprendendo o básico de forma leve, sem anúncios.",2024-10-21 08:19:12
Gustavo Hammes,1,Poderia ter duas assinaturas,2024-10-19 08:58:57
Canal FoFucha,5,"Até agora estou aprendendo bem, e até que facilmente, eu tenho uma certa dificuldade para aprender e para me concentrar, mas esse app ta conseguindo prender minha atenção e me ensinar programação pyton.",2024-10-18 19:02:10
Bruno Pereira,1,"O aplicativo é fácil de usar, bem intuitivo. Mas se toda vez que concluir uma tarefa e ter que ficar refazendo porque o app acusa que está sem Internet, sendo que a Internet está funcionando corretamente, isso vai acabar se tornando um tédio para quem quer aprender programação.",2024-10-18 18:54:16
Eric Baumgarten Bones,5,"Muito bom, simples e fácil. 10/10.",2024-10-14 12:46:34
Davi Simas,4,é pago(opcional),2024-10-13 22:12:32
Ndombele Kevin,4,O único problema é que não tem tradução em português completa.,2024-10-13 15:48:04
Rafaela Januario,1,"É um app pago, pode parecer grátis mas no momento que você o instala só serve para ficar jogado de lado, tudo nele tem que pagar. Com poucas tentativas de erros, (5), faz a ""aprendizagem"" não servir de nada, pois não existe aprender sem errar, extremamente ridículo, se quiser mesmo aprender faça um curso de verdade, sem instalar isso perdendo seu tempo ou até dinheiro sem motivo, além do app ter anúncios, esses anúncios não servem pra eles ajudarem o app, e sim para ganharem dinheiro de trouxa.",2024-10-13 08:37:22
amanda banana,5,"a interface é muitooooo bonita, isso é oq mais chamou a minha atenção. por enquanto vou ficar com o teste básico, mas pretendo fazer a assinatura pós achei muito interessante e massa. ✨☝️😝🤓",2024-10-13 08:33:18
Paulo Romero Soria,5,Não pensei que seria tão fácil aprender Python.,2024-10-12 23:29:05
Breno Sao Pedro Santos,5,poderia ser muito melhor se tivesse um modo pra eu fazer os meus comandos,2024-10-11 13:41:28
jean wanderbist,1,Não acho para cancelar a assinatura no aplicativo,2024-10-10 13:08:11
Stephany Leandro,5,"por algum motivo ouvir falar dele, mas não instalei, me arrependo pois é maravilho e se eu tivesse baixado antes poderia usufruir mt mais",2024-10-10 05:04:30
Nynno,4,um dos melhores apps para aprender programação... estou gostando muito... se o valor para o próximo não fosse caro eu assinaria.,2024-10-10 01:51:32
Ramon Santos,5,Muito bom! Senti falta da linguagem R somente!,2024-10-09 23:22:06
Heraldo Carlos dos Santos Junior,5,"Ótimo aplicativo! Ensina de uma forma muito simples, interativa e fácil de aprender. Recomendo!",2024-10-08 19:10:42
Anthony Johnn Marquês Souza,4,poderia estar em português os exemplos,2024-10-08 13:34:13
Pott Gean,5,"Mesmo com a versão gratuita, é muito interativo e fácil de aprender! ainda não terminei o curso, mas já deu para notar que você consegue aprender muito com este APP!",2024-10-06 19:32:58
Greg Emanuel,4,"Eu fortemente recomendo, literalmente paguei um campboot que deve ser 10k por ai, por reais, eu sei, é um pouco caro, mas também o aprendizado é bem fácil, até uma criança aprende a programar com esse aplicativo,se querer usar um aplicativo pra aprender a programar use esse.",2024-10-05 11:50:43
Jaciara Caetano,4,"Achei o app muito bom,mas quando as vidas acabam isso acaba atrapalhando a experiência poderia ter a opção de praticar para ganhar vidas igual o Duolingo, pois assim fica mais fácil aprender, pois esperar 2 horas para poder estudar denovo atrapalha a experiência, fora isso o app é maravilhoso.",2024-10-05 10:40:52
Guilherme Clash ON,5,"fácil é muito prático, design bonitos co aulas curtas e legais de aprender, super recomendo quem quer começar a estudar programação.",2024-10-01 20:49:05
dalva Lopes,5,"Tem uma interface muita bonita e confortável, funciona de verdade e capacita. Na versão free tem alguns cursos que talvez possam interessar dependendo do que se deseja, ou não. Pra ter acesso a todos os cursos precisa pagar pela versão Premium, que é barata. Alguns cursos que tem na versão free são Python IA, Fullstack, front-end. Também tem algumas linguagens. Recomendo que você baixe pra vê o catálogo free ou Premium. O certificado é pago, mas você pode aprender muita coisa de graça.",2024-09-30 20:11:52
Diego Monteiro,5,estou gostando bastante. Fácil fixação.,2024-09-29 14:26:40
João Filgueiras,4,"A didática é boa; o método repetitivo é interessante (lembra o Duolingo, como já disseram por aí nos comentários); o grande problema é a tradução, ao menos para o português, que parece ter sido feita apenas por tradução automática, sem revisão por tradutor humano. Neste ponto, precisa melhorar bastante. Algumas traduções estão tão ruins a ponto de eu preferir que pudessem ser mostradas na versão original em inglês.",2024-09-27 13:38:21
Gamer Pro,5,"Bem fácil e completo, achava que script era difícil mas nem é tanto é so questão de memória",2024-09-27 06:33:53
Gisele Garcia batista Garcia,5,"muito bacana,e fácil aprendizado.Cada etapa faz com que tenhamos mais cede de aprender",2024-09-27 01:07:55
Vinnas,3,"amei, É bem fácil de usar e deixa bem explícito o conteúdo fácil de aprender e compreender!",2024-09-26 14:12:12
Gabriel Serrato,5,"Esse app é muito bom, mas muitas linguagens de programação estão faltando, na próxima atualização podem adicionar: C#, C e Lua? A linguagem de programação ""Lua"", não é obrigatório colocarem se não quiserem, só estou pedindo porque queria tentar fazer algum jogo no Roblox, obrigado!",2024-09-24 18:32:06
Arthur Souza,4,achei muito bom porem pra fazer qualquer coisa e pago se mudarem isso ficara melhor ainda,2024-09-24 08:04:16
Lucas Fioretti,4,"poderia usar mais português nos textos, para ficar mais didático, ainda estou no começo dos exercícios então não tenho uma opinião formada. vou avançar, logo mais, voltarei para dar outra opinião.",2024-09-23 23:33:12
Andre St,5,"Um app sensacional! Um dos melhores que já usei, se não o melhor! Estou na fase de análise e estou muito inclinado a fazer a assinatura anual.",2024-09-22 08:05:32
Tereza Costa,4,"Esse sistema de vidas é muito ruim, a cada vida precisa esperar 2 horas, isso é muito ruim, pra carregar as 5 vidas precisa esperar um dia inteiro. Muito paia isso, coloque pelo menos pra assistir anúncios e recuperar as vidas",2024-09-21 10:47:15
Matheus Taylor,5,"Muito bom. Estou conseguindo melhorar muito a minha parte de programação, código e de lógica.",2024-09-18 19:03:50
Danilo Santos,5,"Como todo app completo começa, faltando um pouquinho mais de responsividade mas com certeza uma maravilha proposta.",2024-09-16 18:29:50
Martins,5,"Ótima experiência, costumo utilizar no tablet, e diferente do duolingo o mimo não possui um widget na ""área de trabalho"" sinto falta de algo além dos anúncios para me lembrar do exercício diário.",2024-09-15 22:23:24
Erika de Souza,5,eu gostei muito dele é muito bom tem pouco anúncios só apareceu um,2024-09-15 01:03:15
Ley,5,"adorei o app, super prestativo! estou a poucos dias usando e já estou amando. os criadores/equipe desse app mandou muito bem o criando, pois a interface dele é linda e eles fazem o favor de fazer você se sentir bem usando, é muito fácil de usar e aprender. de coração, eu parabenizo a equipe e todos que trabalham e trabalhavam na criação e formação do app muito obrigado",2024-09-13 12:56:58
Diego Rodrigues,4,"O aplicativo é ótimo! Tem uma ótima dinâmica fazendo com que a assimilação seja simples. O único problema que encontrei é que, em alguns momentos após realizar alguma atividade, no momento em que o aplicativo vai contabilizar os sparks, acontece um erro de conexão, mesmo com a rede conectada e faz com que eu perca todo o progresso da atividade e tenha que refazê-la do zero.",2024-09-13 08:59:10
Gabriel vivo,5,"Muito bom, apesar de ser 5 estrelas ainda falta algumas linguagens de programação tipo uma que eu sinto falta (GD script), eu amei o aplicativo e na escola eu chamo de duolingo da programação.",2024-09-12 21:26:56
Filho de Deus,1,Deu problema no Login ocasionando BUG. Com isso tive que desinstalar e instalar novamente começando tudo do zero. DESISTO.,2024-09-12 12:16:27
Anderson Douglas Cardoso,3,muito caro a versão paga.,2024-09-12 10:12:24
Herlon Lessa,5,Exatamente fácil de aprender. parabéns.,2024-09-11 11:29:50
David Yala,4,"estou aprendendo a programar muito fácil, só falta ter a opção de troca de idioma",2024-09-11 08:55:30
Iury Alves,4,Esse app é bom mas podia ter opção de conseguir vida assistindo anúncio,2024-09-08 16:14:54
Bruna Morais,2,MUITO RUIM,2024-09-08 14:28:16
Ester S.N,5,"estou fazendo faculdade de ciência da computação, entrei há menos de uma semana e senti dificuldade para acompanhar o conteúdo. Uma colega me recomendou o Mimo e eu instalei por curiosidade. Agora estou aprendendo mais com o aplicativo do que com o próprio professor! hahaha Recomendo esse App para todos os públicos, pois ele é super educativo. E para quem não tem capacidade de pagar por ele, os anúncios são bem leves, nada que fique atrapalhando os estudos. Parabéns aos desenvolvedores!",2024-09-08 09:41:21
Roberto Weber,5,"Excelente! Recomendo a todos que estão começando. A tradução para o português pode melhorar um pouco mais, porém é realmente muito bom o aplicativo!",2024-09-07 00:10:59
Lucas Navarro,2,"Não consigo fazer a compra do upgrade promocional. Diz que há um problema na indicação do país, mas sempre esteve indicado como Brasil",2024-09-05 09:47:11
juliana lucia,5,Ele e bem fácil de estudar eu dou nota:10 ótimo,2024-09-04 20:41:00
Murilo Mattos,3,"Bom aplicativo de aprendizado para quem quer ter primeiro contato com determinada linguagem. Mas, apesar de ser um App para desenvolvedores sobre programação, é cheio de bugs. Cobrança do app mesmo com ele pago, só funciona online - ou seja, apesar de precisar de internet para atualizar leaderboard e etc, não tem um sistema que guarde as infos e atualizei quando a internet voltar. o App fica inútil sem internet. -, e algumas traduções ruins",2024-09-04 18:41:39
DAVID Miguel de Oliveira Antônio,3,"ótimo simplesmente incrível!! Mas é pago e é caro,se não fosse isso eu dava 5 estrelas",2024-09-03 14:29:27
Matheus Milani,2,"Ideia boa, mas o app não funciona. Já refiz aulas 7 vezes e fica ""Recalculando Sparks"" Não tenho nenhum tipo de problema na rede",2024-09-02 13:03:05
Terencio Gomes,5,"Ótimo e muito fácil de aprender! Até quem não tem nenhuma noção de programação, pode aprender!",2024-09-01 14:59:12
Usuário Da Tecnologia,2,"alguns problemas nos playgrounds: não salva o arquivo, na hora que é para mim clicar no ""X"" não aparece a opção de escolher o nome do arquivo e salvar, e também ele não fica salvo oque eu digitei, quando fecho pra entrar novamente é possível ver que está novamente tudo em branco.",2024-08-31 23:21:33
Sandra Magalhães,4,"O app é muito bom para aprender, principalmente que tem em português, mas a única coisa que é complicado é o tempo para as vidas, e aí vc não consegue fazer muito, e para vidas ilimitadas você precisa gastar 200 reais DUZENTOS!? Porque? O app é muito bom, só precisa melhorar isso",2024-08-31 09:05:43
João Carvalho,5,esse APP é muito fácil e legal de se aprender,2024-08-30 11:35:35
Dudis BKA,4,"Um ótimo aplicativo! Para iniciantes eu recomendo demais! de início, você irá aprender sobre HTML, Depois irá para JavaScript e etc. Não está com 5 Estrelas pois é preciso pagar para ganhar vidas. seria melhor utilizar os anúncios para ganhar 1 vida por anúncio assistido.",2024-08-29 08:49:07
Hugo Ventura,5,simples e fácil aprendizagem!,2024-08-27 16:18:55
Iris Aniele,4,"Acho que deveria ter a opção de comprar moedas para reparar a sequência, às vezes você perde a constância só um dia depois de ter feito uma sequência longa e tem de ganhar os pontos tudo de novo. Também gostaria que os ensinamentos fossem mais explicativos.",2024-08-24 03:15:09
jorge manoel paz,5,muito bom e intuitivo e de fácil aprendizagem,2024-08-21 13:43:06
HEBERT LIMA,3,"Comecei recentemente, achei muito bom para exercitar e internalizar melhor os conhecimentos em python. Mas ocorreu o mesmo problema três vezes, mesmo com rede ao terminar a lição obtive um retorno de estar offline. Quando isso ocorre, tenho que refazer a atividade toda novamente para fazer o próximo exercício, isso acaba deixando um pouco tedioso. Ainda que estivesse offline mesmo, isso fica bem cansativo.",2024-08-20 07:44:03
Mauro Di Bernardi,4,"ótimo aplicativo, às vezes não dá os pontos e diz ser falta de internet.",2024-08-19 14:15:41
Pedro Vinícius,4,"App maravilhoso, descobri recentemente e de fato estou aprendendo bastante, tenho recomendado bastante. Mas n sei oq aconteceu hj tive um problema com o app, ele simplesmente não carregava ( não houve problema de conexão, nem com o celular), tentei até desinstalar o app mas sem resultado, somente final do dia, quase meia noite, voltou a funcionar, espero não se repita para não perder a minha ofensiva por conta disso.",2024-08-18 00:01:33
Jhony Rios,5,Gostei muito. 👏👏. Gostaria muito que tivesse o curso de React Native também 😉,2024-08-16 17:29:00
Luiza Rosa de Medeiros,5,Muito fácil de entender as explicações.,2024-08-15 15:58:46
Nikolas Sierra,5,"Aplicativo sensacional, eu imaginava a programação como um bicho de sete cabeças, mas com esse app eu consigo programar de forma divertida e como se fosse a coisa mais fácil do mundo, uso a versão grátis e estou aprendendo muito! Gratidão ao desenvolvedor! 🙏🏻",2024-08-14 01:15:40
Raysa_ Fernandes,5,muito prático e fácil de entender,2024-08-13 23:58:29
Vinicius3 Afiliadoeduzz,5,incrível como é fácil aprender o básico do básico com esse programa de aprendizagem grátis,2024-08-12 21:33:45
Jaky Moon,5,muito divertido e fácil de aprender. Amando!,2024-08-12 20:33:50
Gojinho,5,"olha, eu ainda estou no começo, mas posso afirmar que eu já aprendi algumas das coisas básicas,(coisas que eu não sabia) o jeito que é explicado não é difícil e pelo contrário, é fácil de entender, app muito bom recomendo para pessoas assim como eu, não sabe de nada de programação mais quer aprender.",2024-08-11 08:34:32
Gabriel Santos,4,"O app é muito bom, mas peca no tempo de recuperação de corações, acho o tempo desnecessariamente longo. Além disso, poderiam ajustar a I.A para português também. No mais, o app é perfeito",2024-08-10 19:44:02
_gisele,5,"muito intuitivo e de fácil aprendizado, sem enrolação para aprender!!",2024-08-10 13:12:22
Bianca Rock for Kids,4,"Ele é muito legal, estilo duolingo, mas tem coisas que ele não explica direito, ou nem explica (dá para fazer, mas fica com bastante dúvida). Os únicos feedbacks que eu daria seria que poderia ter mais animação como o duolingo (iria incentivar mais a fazer as atividades) e ele poderia explicar melhor os elementos (todos eles que o app usa como exemplo) Enfim, para um app gratis e que ocupa pouco espaço, eu recomendo ele, apenas poderia mudar estas duas coisas.",2024-08-09 20:12:11
Sophia Araki Azevedo,5,ótimo para quem quer aprender desde do início e fácil aprendizado.,2024-08-07 10:41:06
Bruno Mello,4,"Ótimo aplicativo de estudos em PT-BR, porém ainda falta simplificar melhor as perguntas, algumas parecem confusas/mal explicadas ou mal traduzidas, exemplos rasos de mais para algo tão complexo podem dificultar a aprendizagem, deveria ter anúncios para recarregar os corações como é no Duolingo isso motivo a pessoa a contínua estudando em vez de esperar 5 horas ou mais pra reabastecer fazendo o estudo perder o engajamento e continuidade, mais desafios e mini prêmios para motivar os estudos tbm.",2024-08-06 00:19:46
Jay,5,"Maravilhoso, tem um método de ensino simples e fácil de entender e possui lições de treinamento para cada etapa, além da aba da comunidade para conversarmos com outros estudantes!",2024-08-05 17:22:14
Ryan Pereira da Fonseca,5,muito bom mas eu gostaria de poder pegar os diplomas juntando pontos sem pagar,2024-08-05 00:08:46
Marilda Arroz Martins (Marilda A Martins),5,"muito bom explicativo, gostaria que as explicações fossem em português também para além do inglês",2024-08-03 08:43:53
Rafael Carvalho,1,Muito ruim se vc pretende isso fique sabendo que ele não vai te ensinar programação de verdade por que eu baixei testei e não fiz absolutamente nada,2024-08-03 00:49:34
Paulo Rodrigues,3,"Muitas vezes tenho que fazer duas ou três vezes, pois na hora de calcular sparks trava e não aparece a propaganda, daí ele fala que está sem conexão.",2024-08-02 16:57:35
Rafael Rodrigues,5,"Grátis, fácil, simples e intuitivo! Parabéns pelo App, excelente iniciativa.",2024-08-02 08:57:27
Stefânia Barbosa,5,"muito bom recomendo tenho 12 anos eu pude entender com facilidade, até minha mãe está aprendendo junto comigo, o app não é difícil de aprender as frases de inglês são totalmente compreensíveis, o app mostra explicações extremamente fáceis e eu achei o sistema de aprendizado muito parecido com o Duolingo ( só que diferente do Duolingo eu achei muito mais fácil de compreender )",2024-07-31 21:30:54
Doguinhu Pansudu,5,"Muito bom e me ajudou bastante, mas bem que poderia ter turorial de C# e outras linguagens de programação tmb.",2024-07-28 15:23:44
Larissa Muniz,4,"É legal, mas um pouco caro. Da pra aprender com ferramentas gratuitas.",2024-07-28 13:51:20
Bernardo Praia,5,Amei o app é muito pratico e simples embora que tudo é em inglês mas para me não tem nenhum problema,2024-07-28 11:21:07
guilherme MEDINA,5,achei bem divertido e educativo cumprindo de um jeito fácil e divertido seu papel,2024-07-27 16:37:21
Lara Veiga,5,a única reclamação que eu tenho a fazer é que no IOS o ícone do mimo tá piscando >._.O e no Android o ícone do mimo tá sério O._.O achei uma falta de sacanagem,2024-07-27 09:21:49
Miguel Guedes,5,"PERFEITO, até agora não achei nada de ruim. Até mesmo os anúncios não são chatos. Minha nota aumentou muito quando vi que existiam playgrounds. Que app bom 👍",2024-07-25 18:50:58
Cassio Aguiar silva,5,boa e fácil de usar.,2024-07-18 17:31:22
meliodas manzanares,5,"Aplicativo ótimo para exercitar e aprender programação na minha opinião. Única coisa (que nem é um defeito) são os anúncios, mas é a forma de monetização free que eles usam para manter o app, obrigado pela oportunidade Mimo!",2024-07-18 07:19:32
Felipe Figueredo,3,"A ultima tarefa da série Full-stack, sobre link tree está com problema, mesmo completando corretamente a tarefa, não aparece o botão pra passar para a próxima etapa, por favor, consertem isso logo e eu editar a avaliação mediana!!",2024-07-18 02:31:22
Tailan Silva,5,"Gente, o app é maravilhoso! É ótimo para aprender, e sim, possivelmente o melhor da Internet para se aprender. Dica aos desenvolvedores! Seria interessante adicionar uma opção de ganhar mais corações após eles se esgotarem, podia ser como no duolingo por exemplo, lá o usuário pode fazer mais missões para assim, além de praticar, ganhar mais vida. Algumas pessoas acham chato ter que esperar 2h para recarregar cada coração.",2024-07-17 21:06:27
gabrielsilva santos,5,"Estou aprendendo Python e está sendo perfeito para começar, a uma pequena dificuldade com algumas coisas em inglês, o que eu já esperava encontrar estudando Ti, por outro lado o APP está disponível boa parte em Português, principalmente os exercícios explicativos.",2024-07-17 12:18:51
Lardecor83 Virtual,5,Muito bom. Fácil de aprender,2024-07-16 21:11:25
Carlos W.,5,"Muito fácil, aprende brincando. Recomendo.",2024-07-16 08:59:02
Samuel Torres,5,"Aplicativo muito bom, os anúncios não atrapalham o aprendizado, o aplicativo é estruturado e dá interesse em aprender!",2024-07-13 19:10:55
Guilherme Michelato,4,"poderia ter outras linguagens de programação,mas tirando isso o app é muito bom",2024-07-12 16:01:53
Matheus Graize serafim,5,"simplesmente perfeito,tô aprendendo muito com o app e ele é bastante legal e fácil de aprender,parabéns pelo app.",2024-07-12 14:56:48
Maria Clara Dos Santos Silva,5,"realmente ele é bem fácil de usar, tô amando ★★★★★",2024-07-12 00:36:46
Caio cesar Almeida,5,excelente para aprender de maneira fácil,2024-07-11 22:33:03
João Paulo Batista Bueno,5,muito fácil para aprender a programar,2024-07-11 15:57:05
Kely,5,"É o melhor app de programação, eu ainda não vi outros apps de programação mas este é um app que te proporciona um ensino de qualidade. E é parecido com o duolingo, a única diferença é que o duolingo ensina sobre idiomas e este sobre programar, até agora não tive problema nenhum com o app. Mas, para tornar o app ainda melhor poderíam explicar certos conceitos, como as traduções de algumas palavras que estão em inglês, assim a pessoa ia compreender melhor porque é chamado por certo nome.",2024-07-08 23:26:10
Matheus Farias,3,"O app é muito bom, mas com uma frequência muito alta, após o término do exercício diz que eu não estou online (estou o tempo todo online), e não salva o progresso, tendo eu que refazer tudo novamente :/ , isso é muito cansativo, e me acaba desanimando de assinar o pro, se resolverem este problema eu assino, do contrário não dá.",2024-07-07 10:04:00
Jackson EryS,5,Cara bem legal o método de aprendizado acho que o mais importante e a pessoa conseguir gravar o conteúdo.Bom agora vamos ver se depois que eu me recuperar da sirurgia e descolar um trampo até porque coisas grátis pode ser legal mais e bom poder pagar as contas também.so uma coisa que senti falta um caderno pra treinar as question afinal e treinando que se alcança la potência.👍,2024-07-06 14:56:07
Anna Figueiredo,5,"Tudo bem explicado para o fácil entendimento, com lições simples e que vão se intensificando de acordo com o desenvolvimento do processo de aprendizado",2024-07-04 21:53:01
Arthur França,3,"O app realmente é bom pra aprender programação eu saí do zero e em pouco tempo já consegui programar uma página em HTML mas uma coisa que me deixa muito irritado é o sistema de tentativas como por exemplo quando eu estou terminando uma lição mas erro e acaba as tentativas e tenho que esperar todo o tempo e ainda perco todo o progresso, além disso as lições as vezes não são intuitivas por exemplo quando meu código está totalmente certo mas ele não considera por causa de um espaço isso é bem ruim!",2024-07-02 23:15:36
Max Diamant,5,"Aplicativo muito bom! Educacional, fácil de compreender, explicações boas e ainda dá para testar os códigos!. Mas tem uma coisa que as vezes me incomoda, Quando eu estou muito empolgado com os ensinamentos e perco as 5 vidas por ter errado, eu fico muito tempo sem fazer minhas práticas. Mas fora isso, esse app é sem dúvidas um dos melhores que eu já vi na minha vida! Merece 5 estrelas ★★★★★",2024-07-02 21:20:33
Kaiky Borges,5,aplicativo excelente e mto fácil de usar e aprender,2024-07-02 16:33:05
Igor Teles,5,"me surpreendeu esse aplicativo, super recomendo mesmo para quem não sabe de nada, ajuda muito, merece até ser pago pelo tanto que entrega, maravilhoso estão de parabéns os desenvolvedores.",2024-06-30 05:02:58
Eval Vares,4,"Ótima didática mas falta um menu lateral com opções de memorização. Às vezes a gramática portuguesa é fraca e confusa, prejudicando o entendimento. Algumas questões são propostas sem antes serem ensinadas. Ou seja, é preciso ter uma alternativa à mão.",2024-06-28 16:54:56
Edie Csant,5,"ótimo app, muito intuitivo e bem fácil de entender.",2024-06-27 18:56:34
Anna Flavia M.Pereira,5,"Perfeito para aprender desde do básico, pra quem realmente quer iniciar e uma ótima opção e oportunidade. E bem desenvolvido, fácil de entender, além de tudo você aprende e tem vontade de continuar.",2024-06-26 04:31:17
Davi Silva,5,"eu amei o app 🤩🤩,ele e simples de usar e nos primeiros dias ja da pra aprender bastante eu recomendo a baixarem pois ajuda mais do que um curso pago ou um curso do YouTube",2024-06-25 16:22:19
Vitor Gabriel,3,"O app é bom, ensina programação legal, porém, existem muitas falhas na tradução que deixam as lições impossíveis. Por favor, verifiquem a tradução das lições, pois a maioria está bem ruim.",2024-06-22 15:43:37
Rafael Rodrigues,5,"muito fácil de aprender até eu que sou um animal consegui intender, praticamente um Duolingo de programação",2024-06-19 00:22:08
Tony Fraga,5,"Muito bom... simples, fácil e prático!",2024-06-18 17:48:17
ericson porfirio,5,"App fácil de interagir ótimo para quem está iniciando, mais pra frente vou testar a versão Premium.",2024-06-18 06:06:02
Rafael Thomaz,4,bastante interativo de uma forma que traz influencia a disciplina e aprendizado. app fácil e mexer e leve,2024-06-15 00:27:17
EERICK GAMA,5,"Gostei muito 🥰 fácil de usar, é tipo um Duolingo de programação 😅 Até agora não consegui acha nem um erro. vocês desenvolvedores estão fazendo um ótimo trabalho!!!",2024-06-12 23:02:44
PH PLAYER 1,5,"ótimo, muito mais fácil aprender com o mimo",2024-06-12 09:59:56
Nelson Aragão,3,"O aplicativo é interessante. Tem uma proposta agradável, porém os erros são confusos. Apresentaram erros pra mim, pela forma que escrevi, porém quando eu fui observar a resposta, estava a mesma resposta que eu tinha informado, com mesma indentação... Fora isso, é interessante o app.",2024-06-10 07:58:12
Renato Rodriguês,5,Apenas uma dúvida: o certificado possui validade profissional? Eu poderia usá-lo para conseguir emprego na área?,2024-06-10 07:23:18
Load Games,5,"Excelente aplicativo de aprendizagem, muito prático e fácil de ensino 🔥♥️👍",2024-06-08 09:28:54
Bravo Henrique,5,"Podia colocar uma parte onde possamos praticar o HTML. É só uma ideia, o programador que programou esse aplicativo é bom. Esse programador sabe o faz.",2024-06-06 19:14:02
Leon,5,"Falta adicionar a conexão do Python com banco de dados.Seria interessante o Python com MongoDB, porque já tem a conexão node.js e MySQL.",2024-06-06 11:00:25
Caine Carralero da Cunha,5,"amei, mais fácil que o Motiro",2024-06-06 01:17:56
Wesley Gomes da Silva,2,precisa ter um plano família para eu comprar e meus dois filhos usarem como o duolonguo. o app é ótimo mas precisa melhorar a forma para família. desta forma será mais divulgado. não quero comprar 3 licenças uma para cada celular. precisa de um lugar de feedback de melhorias Tb.,2024-06-04 17:54:38
Ana Carolina Alves,5,"muito fofo muito bom! um dos únicos apps que me incentivaram a continuar aprendendo. tem a questão de ser pago , e infelizmente, tudo fica mais caro em R$ 🥲, mas eu entendo como pagar ajuda a apoiar o trabalho!",2024-06-03 19:13:17
Daniel Poli,4,"Muito bom,gostaria que ouvesse um aplicativo para computador em português tambem.",2024-06-02 13:22:07
João Muniz,5,"o aplicativo é ótimo, ensina de uma manira simples e fácil, até agora, não tenho nenhuma reclamação",2024-06-01 12:44:54
Matheus Damasio,4,"achei simples, fácil e rápido, mas o app tem que ser o ""perfeccionista"" para receber 5★",2024-05-31 18:00:42
Gustavo,5,Aplicativo incrível gostaria muito que adiciona-se java não precisa nem ser muito avançado só a parte bem inicial para ajudar que vai nela ou em outras linguagens pq python e Javascript estão bem saturados no mercado.,2024-05-29 21:11:36
Lord Crazy,4,Seria bom se desse para ver anúncios para poder recuperar os corações.,2024-05-27 01:23:15
Yuri Enrique,5,As notificações poderiam estar traduzidas também para o português,2024-05-26 21:01:33
Luis Muro,5,"sensacional, eu tinha dificuldade de entender alguns conceitos e consegui aprender todos que tinha dificuldade antes e muitos outros mais. App facil de entender e com conteúdo super completo.",2024-05-26 19:59:49
AkiraLordZ,5,"Simples, explicativo, bem intuitivo e sem muitos anúncios invasivos, vale o tempo gasto. Gostaria que algumas opções estivessem disponíveis de graça mas entendo que precisam levantar uma grana, parabéns.",2024-05-26 15:44:47
JKZINH0 999,5,"muito bom, fácil de usar e aprender, recomendo para quem está iniciando ou que já tem um certo conhecimento sobre isso",2024-05-21 23:58:35
Ilhassi Ibrahim,5,"É incrível como podemos aprender a programar tão rápido e de forma fácil, usando este APP.",2024-05-21 20:38:55
Larissa Filgueiras,5,"Maravilhoso, ensina do zero e de forma muito detalhada. Mesmo com anúncios eu recomendo.",2024-05-20 00:37:00
graciele braz da cruz,5,"O aplicativo é incrível, e maravilhoso, aprendi python por ele, mas vocês poderiam por favor colocar Java???",2024-05-19 16:24:14
Fernando Guimaraes,5,fácil de aprender,2024-05-18 22:00:29
Kauã Alves,5,"Realmente,esse aplicativo merece todas as notas positivas.Achei por acaso,e queria aprender programação a um tempo,e eu consegui começar graças ao mimo,muito mais prático do que cursos pagos ou no YouTube,por exemplo.Tudo muito bem explicado da forma mais simples possível,o único problema na minha opinião é algo visto em alguns outros comentários,as vidas.Eu fiquei estagnado por um tempo e confuso porque estava errando muitas questões e perdi a sequência,mas isso não me afetou muito.",2024-05-18 20:20:22
Iggor,5,"é muito fácil de usar e ensina muito bem, não há nada de errado com o app até agora.",2024-05-15 15:01:48
Guilherme Nóbrega,4,"a parte dos corações é meio ruim, ter que esperar 3 horas para poder fazer mais lições e meio complicado.",2024-05-15 11:20:34
Irineu,5,"Tudo ótimo,porém o site não sincroniza ou salva meu progresso no app e gostaria muito se tivesse o Português como idioma. Obrigado, ajuda bastante!",2024-05-14 12:13:30
farofa kills you,5,"é prático e fácil de aprender, aliás, ele sempre te faz lembrar de assuntos passados justo para você não esquecer, estou aprendendo de boa com esse app, recomendo",2024-05-13 20:46:25
Gutemberg candido,5,Topssimo a forma como se aprende.... fácil e intuitivo. Satisfação!!!,2024-05-09 02:58:54
Srta. Roberta,5,"Eu gostei muito do aplicativo, porém acho que “na sequência” de dias fazendo o Mimo, poderia contar as lições ""repetidas"" (que você refaz para aprender) e não somente uma lição nova.",2024-05-08 18:09:04
Mac 16,5,"muito bom, prático e fácil",2024-05-08 13:00:23
Marlon Lopes,5,APP excelente. Muitas coisas que eu tinha dúvida o Mimo me tirou. Muito fácil a compreensão.,2024-05-08 09:04:22
Valdimiro Domingos (Leonardo),4,O aplicativo é muito bom mais esta em inglês e eu q so sei o básico fica difícil de entender a maioria das coisas,2024-05-07 01:26:52
Diogenes Souza,5,"Estou entusiasmado com esse universo de programação, este aplicativo tem sido muito útil, de fácil compreensão, muito didático, muito bem elaborado. Parabéns aos desenvolvedores!",2024-05-05 00:07:50
L. Costa,1,Só instalei pra conhecer o app. E veio uma cobrança no meu cartão. EU JÁ TINHA DESINSTALADO O APP quando veio a cobrança. Não me recordo de período de teste. Gostaria do estorno.,2024-05-03 19:30:31
Pedro Ivo Soares Xavier,5,"incrível, muito fácil de aprender!!!",2024-05-03 14:30:37
Paola Costa,4,"Tá faltando as boas práticas, mas eu tô gostando bastante do app!!",2024-05-02 23:49:30
Luann Vitor,5,"ajuda muito, e em 6 dias eu aprendi muita coisa, mais podeira adicionar treinos e problemas para resolver",2024-05-02 22:23:32
José lucas Martins,5,"é um aplicativo bom, que deixa muito fácil de aprender a programar. É do mesmo modo de aprendizagem do duolingo, muito legal, recomendo muito",2024-05-01 11:21:17
Walyson Patric,1,"É bom mas pelas propaganda e quantidade de vida merece nota baixa, sem falar que a versão de computador é só inglês...",2024-04-30 22:44:54
Cristiano Alves Nunes,1,"O aplicativo é bom, método legal, o problema é que estou on-line e fica o tempo todo aparecendo que estou off-line, não salva os sparks no progresso e tenho que fazer tudo novamente. Poderia pelo menos salvar o que foi feito e assim que o app se achar, gravar o progresso e não perder toda lição feita. Estava por assinar o pro, mas com essas falhas o tempo todo não dá, vira perda de tempo fazer os sparks! Uma pena, estava gostando do App.",2024-04-30 11:49:21
Ok Mario,5,"Nem sempre faço comentários, mas achei que pra esse seria bom, porque é realmente intuitivo e senti que me entendeu, é diferente de um app antigo que já usei, que usava coisas extremamente simples e por ser muito simples e bem chato, me fez desistir e esse app me lembra o Duolingo, porém melhor é claro, mas essa é só minha opinião",2024-04-29 18:49:26
Beatriz Moreno,5,"O app é maravilhoso, bem completo em questão de ensino básico, estou aprendendo bastante, e é ótimo que é gratuito!!! Só o que deixa um pouco a desejar são alguns bugs (minha trajetória de desenvolvedora fullstack bugou, e fui pro último módulo quando terminei o PRIMEIRO) e a tradução para pt/br mesmo, que é claramente automática. Espero q dps eles lancem algum suporte melhor para outras línguas!! p.s.: o site deles é ainda mais completo, mas é tudo pago KKKK então fique no app msm",2024-04-29 08:09:44
Max Matos,5,"O app é bom, único problema são esses corações o app te limita apenas, a 5 depois que perde eles você não pode continuar as lições tem que esperar, 2 horas pra recuperar um coração ou seja a cada 2 horas você recupera um único coração, a outra opção é assinar o PRO que é caro hein, deveria ter outras opções para conseguir esses corações de resto o app é TOP.",2024-04-27 09:05:12
Leonardo Veiga,5,"muito bom app,fácil de aprender e muito intuitivo.",2024-04-25 15:53:53
Bruno araujo,5,Vcs poderiam fazer uma publi no grupo de programação para iniciantes no facebook.E me dar uma conta Premium pela indicação rs.,2024-04-22 09:27:21
Robert Moraes,5,App muito bom bem fácil o manuseio,2024-04-21 11:35:56
Lorrayra Karoline,2,"O app parece ótimo mas estou com muitos problemas pra entender ele. 1)eu não tenho certeza se estou realmente aprendendo algo.(as explicações são muito objetivas, mal consigo entender) 2)a maioria das coisas são inglês, eu não sei se é porque as coisas do programação são inglês no geral ,mas de qualquer forma isso dificulta muito o entendimento. Enfim, eu resolvi abaixar o Mimo e não sabia nada de programação, e estou usando a quase 3 semanas e infelizmente não aprendi muita coisa.",2024-04-21 10:41:00
Matheus Willian,5,Excelente app. Indico para aprender linguagens de programação. Modo free e modo pago.,2024-04-20 13:55:33
Jonathan,5,"Assim, acho excelente, sendo usuarios pro, único coisa que acho ruim ultimamente é relacionado ao glossario, enquanto quase todo app já está em pt-br o glossario que contem informações adicionais e exemplo está todo em inglês, seria bom tradução para pt-br",2024-04-19 23:33:32
Tenma,4,"o aplicativo parece bastante interessante e simple,isso ajuda muito na compreensão mas seria legal se o aplicativo tenha vários idiomas além de inglês",2024-04-19 15:02:10
Manuela Maria,3,é bom mas poderia ser mais interessante do que é,2024-04-18 17:05:02
Johnys Andrew,5,"mt bom, explicq de uma forma que da pra wntender sem muitos problemas",2024-04-17 14:38:18
Rayane Stefane,5,App muito bom...fácil de aprender...estou gostando muito!!!!,2024-04-17 09:56:04
Anderson,5,"Muito bom, pra ficar perfeito só falta liberar as fases pra quem já tem mais experiência",2024-04-16 15:20:13
FerrixGames,5,"Olha, estou na segunda lição e estou gostando muito, é muito fácil de aprender, você não é obrigado a assinar o PRO, tem como aprender vários tipos de linguagem, eu recomendo muito, achei super didático.",2024-04-16 10:57:13
Klerfson Santos,5,"simples , fácil e intuitivo é bom complemento para quem está apreendendo e quer fixar o conteúdo",2024-04-16 10:47:29
luiz andré,5,"gostei do app,fácil de aprender,muito bom!!!",2024-04-15 23:08:19
Daniel Celula,5,é muito bom fácil de aprender,2024-04-15 22:05:39
Jhonata Leonardo,4,"muito bom, mas as vezes eu me perco lendo, seria bom uma inteligência artificial para ler a mensagem ou algo do tipo 😁",2024-04-15 16:25:46
Thais Serafim,4,muito bom mas sempre da pra melhorar,2024-04-14 21:57:28
Pedro Neves,5,"Muito bom, principalmente pra quem n tem condições de ter um Pc, claro q n e igual a um Pc mais ajuda, se fosse possível queria q tivesse uma área de prática livre, onde a gente poderia colocar em prática tudo q a gnt aprende mais tá ótimo msm sem isso",2024-04-14 20:39:28
CANAL DOS PRIMOS,5,achei muito legal e fácil de aprender,2024-04-11 20:53:57
Hosana Nunes,1,Muito ruim tudo em inglês cyber travou demais meu celular quase ficou com LED,2024-04-11 13:03:39
António Dulo,5,Agora sim os desenvolvedores acertaram em cheio com essa nova atualização. O APP ficou muito melhor e mais fácil de usar.,2024-04-11 01:53:55
Arthur Ligoski Dias,5,"Ótimo aplicativo,vc aprende muitos códigos e como programar.Fácil de aprender e quase não tem anuncios,ótimo pra quem quer aprender (・ω・)/📱⌨🖱😀",2024-04-10 12:49:55
Emanoel Sidney,4,"Poderiam adicionar um sistema onde os programadores/alunos poderiam refazer suas aulas/níveis já feitos,como uma maneira de estudar mesmo sem vidas,revizando a matéria e tal...",2024-04-08 16:54:57
JUSTICEIRO CLASH,5,a versão grátis é meio difícil mais que nem eu comprei a pró ta de boa,2024-04-08 09:43:42
Lucas Fonseca,3,"O aplicativo está tendo um problema com o envio de atividades, as vezes quando eu aperto para enviar uma atividade o aplicativo demora a responder, e em vez de mostrar a tela que computa os pontos da atividade, mostra uma tela dizendo que estou com problemas com o Wi-Fi, o que acaba fazendo com que os pontos da atividade não sejam computados para minha conta e eu tenha que refazer toda a atividade porque o progresso é perdido. Outras pessoas que conheço me relataram o mesmo problema.",2024-04-07 12:17:11
LS • Z0LTR4CK,3,"O aplicativo em si é muito bom mesmo, mas tem um ENORME problema, são os corações, demorar +2H para recuperar 1 CORAÇÃO APENAS! 30 minutos já é muito. Isso complica bastante as coisas, tentem reduzir esse tempo enorme para a restauração dos corações por favor, obrigado 🫂.",2024-04-07 03:03:29
WARE,5,"muito bom e fácil de aprender, amei",2024-04-05 16:47:05
Rhedily Bogut de Oliveira,5,"Prático, simples e fácil adquirir conhecimento !",2024-04-03 15:36:09
Natanael Gama,5,"tipo o APP é muito legal, mas essa parada de passar a lição com um simples arrastar de dedos é muito ruim , pois acaba prejudicando quando passamos sem querer.",2024-03-31 17:22:27
joão pedro araujo rodrigues,5,"Muito bom o app, depois da última atualização ele melhorou muito ! Agora salva melhor o progresso das aulas, as aulas são muito fáceis de aprender, o conteúdo gruda igual chiclete em carteira de escola. Só uma melhoria que eu iria amar muito seria uma aba em que vc poderia codificar e criar seus códigos por si mesmo, e o app corrigir os seus erros e te ajudar a evoluir na prática, eu sei que existem outros apps pra isso, mas fazer isso no mimo deixaria ele mais legal e atrativo para os móbiles.",2024-03-27 19:50:40
Artur Oliveira França,4,"O app e bem bom!eu uso e realmente ajuda na parte de programação,o único problema que tem,são as vidas,são 5 vidas,e demora 3 horas para 1 voltar,deviam pelo menos abaixar pra 1 hora,mas e bem bom!mereceu essas 4 estrelas!",2024-03-27 14:04:43
LUIZ CARLOS PEREIRA MARQUES JUNIOR (LUIZ CARLOS),5,estou no começo mas posso dizer que o aplicativo é fácil e intuitivo,2024-03-27 09:09:42
Alex Sandro,4,"Faltou alguns assuntos de CSS como os keyframes,box-shadow e outros,poderiam colocar para aprender a fazer animações,mas o app tem muita coisa para aprender",2024-03-26 11:21:34
Gustavo,3,"Aplicativo Bom, você aprende pra caramba se fizer ele regularmente. Porém tem um problema que me incomoda MUITO que desceu 2 estrelas, nós exercícios de revisão, tem um bug onde não aparece o ""index.html"" (isso em dev front-end) isso é muito ruim, vc perde vida atoa pq não aparece o código e não sabe 100% responder a questão",2024-03-25 18:27:57
Wemerson augusto,5,"muito bom, poderia ter uma explicação melhor das coisas, mas agente vai entendendo com o tempo, nota 10!",2024-03-22 15:08:22
Xandy,5,"simplesmente fácil e intuitivo, o melhor",2024-03-20 22:21:37
Verônica Gonçalves,4,Muito simples e difícil didático!,2024-03-18 22:22:06
Ana Cristina Da silva,4,bem legalzinho e fácil de entender que nem o grasshopper,2024-03-17 17:37:36
Enzo Trevisani,1,Muito ruim você não aprende nada e pra aprender tem que pagar muito caro pra coisas que o YouTube ensina melhor,2024-03-17 08:24:28
sg gs,4,"Ele é até que bem simples, mas não é ruim",2024-03-16 22:19:48
Guilherme T,4,poderia dificultar um pouco nos exemplos,2024-03-16 20:29:09
Karudo _,5,"Por enquanto está tudo dando certo, até mesmo porque está fácil(ainda)",2024-03-14 14:35:11
E Wolnei,4,"Por favor,corrijam o seguinte problema: após concluir uma lição, na hora de computar os pontos o aplicativo diz que está sem conexão (mas a conexão existe). É necessário repetir 2 ou 3 vezes para funcionar. Outro ponto: so acabar os corações, mesmo comprando maus, não é possível sair da tela. É necessário fechar e iniciar tudo do zero (mas os corações perdidos, não são restaurados. Não conta pontos e não repõe corações ao reiniciar. É frustrante...mas no restante, bom app",2024-03-12 23:45:49
Gilmar Francisco dos Santos Filho,4,"Gostei muito, da aprender, para você aprender de cabeça para lembrar tem memorizar e ler de verdade, bom , seria bom se tive a opção de procurar outros usuários, e poder conversar individualmente",2024-03-12 22:09:51
Martinho Cavalcante_,5,"Muito bom, estou aprendendo bastante. mas acho que poderiam diminuir o tempo de recarga de vidas. Fora isso é perfeito o app",2024-03-12 13:48:51
bruno almeida souza,5,"Esse aplicativo é maravilhoso, super recomendo, fiz questão de fazer uma assinatura só para apoiar os criadores, perfeito, todo conhecimento é válido... parabéns aos desenvolvedores",2024-03-12 13:33:34
FERTECH TUTORS,1,Ruim,2024-03-12 00:26:13
Gabriel Maciel,5,experiência ótimas sem muita dificuldade e bem simplificado explicações ótimas,2024-03-11 09:25:59
AW - Angels Warrior,5,muito bom o aplicativo e bastante intuitivo e simples a interface eu sempre achei programação difícil sou iniciante mas e esse aplicativo tá demostrando o grande potência nele,2024-03-11 07:13:13
Bernardo Araújo,5,muito bom estou aprendendo programação pode ser difícil pra muitos mais e útil demais,2024-03-10 00:17:27
José Mendonça,5,possui uma explicação simples e com fácil entendimento e uma boa interface.,2024-03-08 16:18:03
Napoleão Júnior,5,Ótimo 👍! Fácil de aprender e explicativo!,2024-03-06 14:03:09
Joel Filipe,4,"muito bom, mas poderia ter tradução para mais línguas",2024-03-06 09:32:28
Vini Duu Game,5,"app muito bom e bem intuitivo, fácil de usar e entender como funciona o mundo da programação, até agora gostando bastante do app, recomendo bastante para aqueles que querem aprender o básico de programação.",2024-03-05 11:02:20
Juliana de Sá Marson,5,"Bastante prático, linguagem fácil de entender e didático. Muto bom.",2024-03-05 07:37:22
Dream Azul,5,"o app é incrível,é fácil de entender as lições, parabéns para os desenvolvedores",2024-03-04 21:47:05
Luiz Damiao,5,Ótimo app! Parabéns ao desenvolvedor. É fácil aprender assim! Obrigado!,2024-03-04 20:11:25
Saulo Junior,5,"esse aplicativo superou minhas expectativas de experiência e aprendizado com ele, pra mim ele é um dos melhores apps de escola html para uma boa carreira profissional na área da informática nos computadores, pra quem dificuldade pra aprender a programar os primeiros passos pra esse é o melhor. Parabéns👏",2024-02-25 14:00:43
MADYSON RANGELL,1,Esse aplicativo é pago? ??,2024-02-24 20:49:20
Geovania Emiliana,3,Ruim por causa do sistema de vidas poderia ter um modo treinamento para recuperar meia vida tipo o duolingo🫠,2024-02-24 17:10:10
Angelita Silva,5,O que é ruim eu acho que você tem que saber mais ou menos de programação para tu conseguir trabalhar porque se tu não souber de programação e não for de uma série tão elevada tu vai acabar conseguindo fazer nada nada q,2024-02-22 20:24:59
Evellin Santos,5,"gostei muito! vcs podia adicionar mais programação como c#,c++.",2024-02-18 21:35:05
Pamela Ayres,5,"Excelente, didático e fácil compreensão",2024-02-18 21:25:23
Filype,4,"O aplicativo é bom e bem didático, mas tá tendo um problema muito chato, que vc faz o exercício, tudo certinho, vc colocar pra prosseguir e aparece que vc errou, e quando vc volta pra ver a resposta, está examente do jeito que vc colocou na resposta, aí vc perde vários corações sem motivo e não consegue avançar na lição, não sei se isso que vcs botaram foi de propósito pra fazer as pessoas pagarem o pró, mas se não foi resolver esse problema seria ótimo.",2024-02-17 22:12:25
Dark Skull,5,"Extremamente bom, poucos anúncios, não é obrigatório pagar o Premium pra aprender, é basicamente um Duolingo de programação👍👍👍👍👍",2024-02-17 10:56:52
Fluffy Nonsense,5,"realmente, muito fácil de aprender",2024-02-16 20:51:45
raposa 7d,5,no início e mais adiante pode paracer difícil mais depois tu vê a facilidade,2024-02-15 20:14:49
Caroline Benício,4,"Ele é bom. Cumpre o que promete e te dá uma ótima introdução, interface bonita e agradável, mas seria bom se tivesse um widget para ajudar a lembrar de fazer todo dia",2024-02-14 16:52:07
Tiago Augusto,5,"estou gostando muito, estou aprendendo Python e por enquando está excelente, sem longos anúncios diferentemente do Duolingo se fizer com a conta FREE",2024-02-13 21:58:11
Maria Aparecida,5,"ótimo, fácil e bem explicativo",2024-02-11 15:01:29
Gabriela Rocha (Gabi),4,"Bom aplicativo, tem uma didática excelente e é uma maravilha de fazer os exercícios deixando o conteúdo mais claro. Só tô com um probleminha chatissímo que depois que as tentivas acabam o aviso não sai, não importa onde clique e atrás dele é aberto uma janela de aviso da falta de corações (sendo que eu nem cliquei nas atividades em si)... É um incômodo porque por vezes queria verificar minha pontuação no pódio e ficar entrando e saindo só pra isso irrita um pouco.",2024-02-11 10:51:46
Robsonpvpgamer,5,"Perfeito! A única coisa que tenho a acrescentar, é que deveria ter mais exercícios digitando os códigos por completo. A dificuldade que sofri foi somente nessa questão.",2024-02-08 15:52:19
Amanda Andrade,4,"Comprei o mimo pro, e me decepciona saber que vou precisar pagar outra assinatura pra poder fazer alguns projetos que o aplicativo obriga a fazer pelo computador. Gostaria de poder acessar esses projetos pelo app, afinal eu paguei para ter acesso a tudo.",2024-02-07 03:22:12
Raoni Escobar,5,"Gostei muito da forma de aprendizagem, bem dinâmico, simples e gostoso de realizar, muito bom para quem realmente não tem ou não sabe nada sobre programação e não tem idéia por qual começar. Quero pode conseguir fazer o pagamento para me tornar conta ""PRO"", mas gostaria de enfatizar algo ao qual pode vim a somar (não sendo uma crítica pejorativo mas sim uma crítica vc construtiva), vídeo-aulas para as lições e o glossário estar escrito em português. Muito obrigado.",2024-02-01 14:52:51
Mestre Eduardo Colnago,4,"Jogo fácil de aprender, não tem muitos bugs, apenas um bug que me deixa intrigado, as vezes eu vou, abro o Mimo e me deparo com uma cena de sem conexão, mas eu não estou sem internet! Favor equipe do Mimo consertar esse erro grotesco!",2024-02-01 08:36:27
Gilvan Alves do nascimento,2,Estou tentando passa de nível mas não estou conseguindo cria meu perfil gostaria de resposta?????,2024-01-31 00:57:40
Felipe Regazzo Martins,4,"ótimo para aprender, o único problema é ter que pagar depois....",2024-01-30 22:43:48
Gustavo Bezerra,4,e ben fácil de aprender programação com isso,2024-01-28 18:16:17
Lisa Donnatella Machado Romero (LSD),5,"O aplicativo é bom, as propagandas não te redirecionam e o método de aprendizado é simples e prático.",2024-01-27 16:53:17
Helen Souza,5,um jeito fácil de aprender para quem está começando,2024-01-27 15:54:51
Rhuan dos Santos Félix,4,"O aplicativo é ótimo, pra mim a única parte que poderia melhorar é o glossário, que as descrições de cada coisa (HTML, CSS, javascript, ...) poderia estar em português",2024-01-26 19:30:04
Lu Reis,5,muito bom com tradução e ensino fácil de aprender e tudo de graça,2024-01-26 12:21:43
Professor Eduardo Christello Castro (Duda),3,poderia ser gratuito,2024-01-23 14:19:50
Melian El rey,5,de fácil e ÓTIMO aprendizado!!,2024-01-23 12:35:36
Lígia Botton,5,"Era tudo o que eu estava precisando! Fiquei mal e perdi matéria disso na escola, o app está me ajudando MUITO. As propagandas não são exageradas e ele tem algo que eu estava lutando muito para achar: uma lista dos códigos. Eu tenho dificuldade de decorar os códigos e ele ajudou MUITO nisso também. conclusão: app incrível",2024-01-22 21:45:09
Alexandre Pires da Fonseca,3,"O aplicativo é muito bom. Só a única coisa ruim é que tem projetos que precisa que utilize o computador para realizar, so que não é possível porque necessita ter a conta pro, para avançar até o projeto",2024-01-22 21:09:57
Diogo,3,"Bem legal a ideia, ajuda bastante você se familiarizar com programação antes de realmente abrir o vs code. O único problema são as traduções que deixam a desejar, as vezes é difícil entender o que se pede.",2024-01-21 12:01:22
Rafael,5,ajuda muito e fácil de aprender,2024-01-20 20:28:01
Carlos Gonçalves,5,eu achei muito divertido ficar respondendo as perguntas mas quanto mas perguntas vc acerta fica mas difícil e também quanto vc responde uma pergunta aparece um texto toda hora mas eu achei muito legal,2024-01-20 01:24:31
kallibra Nunes,5,"até então, o melhor na minha opinião. lições simples é de fácil entendimento (tô começando agora no app, mas é legal)",2024-01-19 16:44:14
Leo Bastos,5,"O aplicativo é legal, eu uso como exercícios de fixação de conteúdo pois faço um curso fullstack pago em uma plataforma. Quem acreditar que vai aprender programação só por aqui vai se frustrar.",2024-01-19 14:12:40
Luciana Ribeiro Batista de Assis,5,tô achando muito legal! fácil e divertido de aprender,2024-01-16 19:25:34
Pablo Almeida,4,Gostaria de saber quais outras linguagens tem na versão pró?,2024-01-15 19:52:57
Juliano Carvalho Correia,2,Chamei amigos pra testar o app e não ganhei os dias de assinatura PRO.,2024-01-15 15:07:20
Joel Pereira,5,Muito bom! É de fácil aprendizagem!,2024-01-14 16:46:29
Ci Mendes,5,muito fácil de aprender super interativo,2024-01-14 08:40:34
Rjodrigo,5,"Meu pc deu problema e nao queria parar meus estudos, então achei o app, s2 amor a primeira vista.😍",2024-01-13 08:12:50
Samuel vitor Oliveira melo,1,O Aplicativo é muito bom mas fazendo alguns cursos algumas lições aparecem que só pode ser feita pelo computador mas quando você vai fazer pelo computador diz que o plano pro que paguei só dá acesso ao primeiro módulo me senti roubado pois paguei para o curso inteiro no celular e agora os projetos que foi uma das coisas que mais me interessaram tenho q pagar mais além de que o app pelo celular nem avisa desse plano mais caro. Caso arrumem isto eu aumento a nota,2024-01-12 12:35:50
André Luiz Bezerra Vieira Vieira,5,muito bom bem didático tenho déficit de atenção é de fácil aprendizado eu recomendo.,2024-01-12 10:50:09
Karin Fujimoto,5,É muito divertido e fácil de aprender programação com o Mimo,2024-01-08 20:08:44
Keilla Kariny Ferreira m Freitas,5,é muito fácil aprender programação com ele😃,2024-01-08 15:00:45
Lucas Henrique,4,"Um bom app, mas o que me deixou meio triste com o app, é que pra aparecer os corações de volta, demora muito tempo, e as vezes só aparece um. Deveria ter como ver anúncio pra ter pelo menos +3 corações.",2024-01-06 12:23:02
Luis Felipe Correia,5,"Excelente, bastante didático e fácil entendimento",2024-01-03 14:18:49
Fnaf fnaf,5,E perfeito mas poderia colocar anúncio para recuperar vidas/corações tirando isso o app e perfeito ja ate criei um site,2024-01-02 22:46:41
Daniel Alves,5,"Até o momento, nenhum problema aconteceu.É fácil de usar e não te obriga a comprar nenhum plano para continuar a aprender.",2024-01-02 16:56:44
Gabriel Souza,3,"O app até que é bom, não é tão difícil aprender, só que o problema é que quando a gente erra a gente perde corações, fazendo com que a gente não consiga fazer lições quando acabar, e os corações demoram para repor...",2023-12-31 09:52:22
Tiago,4,muito bom bem intuitivo e de fácil aprendizado.,2023-12-29 19:39:52
Jhonny_jao,4,"Realmente um ótimo app para aprender programação, o único problema é a recuperação das vidas, acredito que seria muito melhor se pudesse praticar com alguns exercícios para recuperar-las, como acontece no Duolingo",2023-12-29 17:13:28
Gabriel William silva (Biel),5,muito bom e fácil de entender obrigado,2023-12-29 15:16:11
João Victor,5,Um educacional aplicativo incrível. Estou aprendendo bastante fácil e ainda rápido. Mimo é um aplicativo excelente para você que tem interesse em programações,2023-12-29 03:16:06
Antonio Jorge Cerqueira Sacramento,5,"Gostando do app, bastante fácil para compreender a logíca dos algoritmos. Uma excelente ferramenta para quem está dando os primeiros passos no caminho dos devs. Continuem evoluindo!",2023-12-27 07:47:57
natan g play,5,o app é muito bom fácil de aprender,2023-12-26 11:16:28
WESLON C-134 BR,3,"O aplicativo nao carrega direito na hora de entrar Aplicativo é bom porém poderiam adicionar oficina de criação, um espaço para criar nosas paginas sozinho para fazermos testes também",2023-12-24 23:03:15
Noelle Rose,2,"cara, por quê tem que pagar para ter o curso completo? não faz sentido, eu so aprendi a usar p, h1 h2 h3 etc., e. button. se quer que pague, não é mais fácil deixar o app pago?",2023-12-22 08:27:42
Pablo sc,4,"Muito bom, comecei a usar esses dias e tô aprendendo bastante por aqui, só poderiam diminuir o tempo de preenchimento dos corações, pra pelo menos 1 hora",2023-12-21 21:12:22
Vichenzo Sobral,5,"um app muito bom e fácil de aprender a interface e parecida com a do Duolingo, um ótimo app.",2023-12-17 19:53:50
Lucas Teles Martins,3,"Muito bom, estou entendendo tudo oque é passado. Mas quando perco os corações é muito demorado para recuperar no mínimo um. Podem colocar anúncios para recuperar mais rapido",2023-12-17 17:15:05
Cristiano bongue pedro Lil cris,2,"O aplicativo é bom, o problema é que está em português.",2023-12-16 19:27:36
Pedro Serra,5,"Aplicativo muito bom, com muitos recursos e o curso ótimo. Só a parte dos corações que é meio chato, se por exemplo, a gente acertasse 3 atividades/capítulos a gente ganhava 1 coração e poderia ter outras linguagens de programação como Java, PHP, Swift... Mas eu tenho certeza que os desenvolvedores desse excelente aplicativo já estão trabalhando nisso😁",2023-12-16 12:19:14
Nycholas Alexander,4,acho que responder corretamente poderia ser mais prazeroso e dinâmico como o duolingo,2023-12-15 15:48:36
Naldo Souza,4,"Bom, más falta uma widget, ou algumas widget de acesso rápido, mostrando a sequência de dias por exemplo, parecido com aquela que tem no duo linguo, só faltou isso pra mim dar 5 estrelas, pra treinar python é ótimo!",2023-12-13 23:04:18
Weslley Marques,5,"Estou gostando muito deste app, acho justo ter anúncios para mantê-lo grátis para os usuários que não podem ou não querem ser Premium. Até o momento é o melhor app para aprender a base da programação. Só tenho uma sugestão para melhora-lo, a restauração de vidas poderia ser realizada também por exercícios ao invés somente pelo tempo, mas de resto, pra mim tá perfeito. Parabéns aos desenvolvedores!",2023-12-13 16:19:41
Matheus de Oliveira,4,O app virou pago e não dá pra continuar na trilha que estava percorrendo?,2023-12-12 23:27:27
Laísi Raquel,4,"Estou estudando programação e esse app é uma forma divertida e lúdica de interagir com os conteúdos que estou vendo em sala de aula. Minha única crítica vai para o tempo desnecessariamente longo que leva para carregar novas vidas. Minha dúvida é: o pagamento é anual? Tenho interesse em pagar o PRO, mas não encontro informações sobre como é realizada a assinatura. Help pls.",2023-12-11 11:54:08
Fromit,5,"Eu já sei o básico de programação na parte de front-end, agora estou indo para o Full stack, mas como não tenho PC ou notebook para praticar e melhorar ainda mais meu modo de codar, simplesmente uso o mimo, aplicativo sensacional, super recomendo a todos, as vezes pode parecer chato quando você já tem uma noção de programação, mas se não, é simplesmente perfeito.",2023-12-10 04:06:07
Bartô M.C.,5,O app é excelente. Poderia haver um botão para refazer o tópico pra algo que o estudante achar difícil. Outra coisa séria colocar alguma marcação para rever esse conteúdo difícil. Que ele fosse para revisão no futuro. Mas no geral o app é excelente.,2023-12-09 14:46:49
{Felipe gomes},1,Não tem como conseguir vidas por anúncio e eu perco todo o meu progresso diário,2023-12-08 21:47:07
Pedro Henrique Coelho Lima,3,"Acho toda a estrutura do aplicativo muito boa, porém eu tenho tentando manter todos os dias fazendo uma atividade, desde o começo dá pra perceber que pegar o conteúdo que tá sendo passado é difícil na hora de fazer a prática real, acho que deveria ter uma separação de tópicos melhor e mais repetições na explicação, porque você vê uma coisa só uma vez e na próxima já precisa saber de có. Também não gosto da ideia de não saber e simplesmente receber a resposta na mão já que não vou ver mais isso.",2023-12-08 15:23:18
JOSE F. Silva,5,É muito fácil de aprender parabéns.,2023-12-07 10:03:53
SONY BL4CK,4,"aplicativo muito útil para iniciantes na área da programação/desenvolvimento web, o método de ensino é extremamente divertido e fácil, porém eu recomendo que vc faça outro curso e/ou treine tudo que aprender em conjunto com o aplicativo, assim vc vai turbinar seu conhecimento. Alguns pontos a serem melhorados: - O playground não funciona bem, códigos que eu executo normalmente no meu pycharm não funcionam aqui. - Falta tradução PT-BR, nos erros. - O console é um tanto chato de digitar.",2023-12-06 07:59:08
Sofhia Laura,5,"as ligações são rápidas e objetivas, o app não tem anúncios e foi o melhor aplicativo que eu encontrei em português/inglês",2023-12-04 07:19:33
Tiago Justo,3,"O aplicativo é muito bom, principalmente depois dessa última grande atualização. Explica de forma simples e com exemplos. O que atrapalha o aprendizado são os corações. Quando você perde os corações, não tem nenhuma opção de recuperar sem gastar.. Poderia ter uma opção de assistir anúncios ou refazer uma atividade igual no Duolingo. Cada coração leva 3 horas para recuperar. Se for esperar as horas passaram para recuperar os corações, leva muito tempo e faz perder o interesse pelo aplicativo.",2023-12-03 11:03:00
Lucas Bahia Moura Malessa,4,muito bom! É o Duolingo da programação. bem intuitivo. só achei caro para nós Brasileiros. fazer o quê né.,2023-12-01 19:25:56
Stefany Seut,5,"Aplicativo excepcional! Ótima qualidade , interface bacana e fácil de usar e entender! Obrigada aos criadores. Estou procurando home office e esse aplicativo vai me ajudar muito!",2023-11-29 18:23:24
Arthur Lucena,5,Muito divertido e fácil de aprender,2023-11-27 14:40:47
Drielly Souza,5,"um Duolingo de programação, Mas as vidas demoram muito pra carregar, o app é bom mas tem que melhorar essa parte ❤️",2023-11-25 21:16:17
Domingos Conde,4,falta um pouquinho de diversão. Só um pouquinho.,2023-11-21 17:44:06
Rodrigo Barbosa,4,"Muito bom, estou evoluindo cada dia mais em web-development, porém, tem alguns pontos negativos que eu gostaria de citar aqui: 1 - O aplicativo não tem um sistema que te diz quando uma atualização nova está disponível, então você pode estar usando uma versão antiga do app sem nem saber. 2 - Não tem tarefas diárias para relembrar o que você já aprendeu, o que acontece muito de esquecer algumas coisas mais específicas. Tinha mais coisa pra contar, mas só da pra colocar 500 dígitos",2023-11-21 11:41:26
Wellison Eduardo,5,fácil de compreender 👌🏻,2023-11-20 02:28:58
Game Over,4,O que falta no app seria a adição da linguagem C++.,2023-11-18 13:36:43
Jefferson Costa,5,"top, fácil para aprender e revisar códigos, é grátis",2023-11-17 18:23:17
Made_by_ Lauanny,5,"muito bom, as explicações são ótimas e bem fáceis de entender. A interface é muito linda e até pra quem não sabe nada de programação, é fácil de aprender",2023-11-15 10:21:25
rogerio sido,5,"app muito divertido de aprender, super recomendo, com poucas propagandas.. vale a pena instalar e usar",2023-11-14 11:09:51
pedro Lage,5,bem intuitivo e fácil.Otimas explicações e ótimas linhas de pensamento,2023-11-12 13:30:25
Cidzera,5,"Muito bom, é grátis pow, único problema é que não é tão dinâmico por conta do tempo em que deve esperar pra recuperar a vida perdida, porém de resto, é possível adquirir muita informação, curti.",2023-11-11 00:12:45
Pedro Henrique Almeida de Souza,5,"muito bom o app, me agradou bastante e me ajuda a melhorar na hora de programar",2023-11-08 16:01:11
claudio henrique,5,muito top e fácil de aprender...pode baixar sem medo,2023-11-07 23:29:26
Eduardo Almeida,5,"Com esse app eu consigo aprender python de forma fácil, so eu repeti várias lições que eu fico experiente na programação.",2023-11-04 12:07:34
Gabriel Kras,4,"Olha, o mimo é muito bom para aprender de fato programação como html,css,javascript,entre outros. Mas o grande problema é sobre os corações que quando você perde todos você não tem nada para recuperar eles além de gastar 200 moedas(que é bastante. A minha ideia é que deveria ter um sistema parecido com o do duolingo para fazer as tarefas e ganhar corações. Espero ter ajudado,e que mudem essa situação.",2023-11-03 11:31:55
Chamber Khan,2,Não consigo atualizar da assinatura PRO para a assinatura MAX mas não estou conseguindo...,2023-11-03 06:25:24
Rafael Nunes,5,Depois de alguns problemas o suporte resolveu perfeitamente. Gostaria de agradecer os desenvolvedores pelo excelente aplicativo e pelo ótimo trabalho de suporte. Parabéns.,2023-11-03 02:53:10
Jé Matias,5,gostei do layout e o método. Gostaria que tivesse mais linguagens.,2023-11-03 00:10:53
Gabriel Ualtter (Gabriel),5,"Só poderia ser gratuito, tipo o Duolingo. mas a forma e prática para o aprendizado, ótima ideia, isso sim é pensar fora da caixa. parabéns.",2023-11-02 13:55:45
Júlia Sander,5,"fofo, bem básico na explicação mas é fácil de compreender, bom pra quem está iniciando",2023-11-02 00:20:19
breno Ferreira,5,"gente sem dúvidas, a melhor plataforma para aprender, melhor que curso pago.",2023-11-01 16:54:37
Eugênia Neta,5,"Muito bom! É simples e fácil de aprender, e o melhor, é em português! nota 11!",2023-10-31 22:40:22
Romeu Lima Dias,2,"O app para celular é ótimo, quando fiquei sabendo do site, fiquei mais empolgado ainda, mas agora apareceu um bloqueio no site informando sobre mais uma inscrição, sendo que já havia feito uma primeira paga, que dizia dar certificado (que agora não mais posso ter pela primeira assinatura), e a assinatura Max não aparece para ser feita de nenhuma forma, mas o site tá lá bloqueado, muito descontente com o que parecia ser um ótimo começo na mudança que queria entrando na carreira de programador..",2023-10-31 15:25:35
Gabriel Melo,5,"funciona de forma prática e fácil, bem simples de aprender!",2023-10-31 14:21:02
Vinicius Pereira Macedo,2,Desde a última atualização começou apresentar problema de conexão. App deveria funcionar também offline.,2023-10-30 20:37:42
Romennick Salvador,5,Sensacional só poderia ser gratuito 🆓,2023-10-30 13:18:43
Shinra,5,"ótimo app, estou usando faz 1 dia e até agora não tive nenhum problema, uma sugestão seria a adição de anúncios para regenerar os corações",2023-10-30 13:14:29
errodorenderizadordeaudio reinicie o seu computador,4,muito caro a versão pro,2023-10-28 10:00:41
Le Troxa,5,"muito bom pra aprender, estimula o raciocínio e é muito bom para não se esquecer fácil dos códigos, muito bom",2023-10-26 22:54:17
Emilly Silva,5,"Ele é muito bom, é explica as coisas bem direito, e o tempo de recuperação dos corações demora 3h, que para eu não é um grande tempo, até mesmo pq as explicações são bem detalhadas, o que torna fácil o atendimento",2023-10-26 11:45:48
John Frank,4,"Gostei do mimo só tenho uma dúvida, se alguém poder responder agradeço. A versão pro tem mais conteúdo ou é a mesma coisa só que sem anúncios?",2023-10-25 12:26:11
oswaldo izabo neto,5,Poxa diminui o tempo de recarga dos corações (vidas) mas fora isso o APP é excelente e muito intuitivo é fácil aprender que nem no duolingo parabéns pros desenvolvedores,2023-10-24 16:18:47
Gabriellacost Melo,4,Muito bom mais vou ver mais sobre o app gostei podia lançar um para criar mais ele encina só gostei,2023-10-24 14:51:19
Vinicius Vitorino Dos Santos,3,"Muitos bugs no intelisense, acertando algumas questões o app não entende e remove as vidas mesmo que o erro não seja humano, tempo demasiado grande para recuperar as vidas, para o pro falta explicação sobre como o pagamento unico te da direito, e pra sempre? Uma vez por ano? Uma vez por mês. Mas a premissa do app é excelente a didática também então 3 estrelas.",2023-10-23 11:35:23
Karoline Oliveira,5,Muito inteligente e prático! muito fácil de aprender com ele !,2023-10-22 23:30:24
TÂNIA BOAS,5,amo!! aprendo de forma fácil e didática.,2023-10-22 14:36:30
Eduardo Rodrigues,5,"achei legal, mas gostaria de mais explicações dos benefícios pagos, para assim avaliar melhor",2023-10-22 11:56:41
Yuri Coelho,5,"ótimo para praticar na Pausa do Trabalho, no ônibus, no metrô ou em qualquer outro lugar para se manter consistente e atualizado nos Estudos, mesmo longe do computador. plataforma em PT-BR e fácil de manusear. 5 de 5 Estrelas!",2023-10-21 12:25:35
Cleitin Costa dias,5,"APP incrível, fácil de aprender recomendo muito, parabéns Pará os desenvolvedores, e é muito bonito.",2023-10-20 12:02:30
Dark Ladyツ,5,"Esse aplicativo é perfeito! Não tenho nenhuma reclamação para fazer. conheci ele através de uma professora do meu curso de T.I e simplismente me apaixonei por esse app! Atendeu a todas as minhas expectativas e além de ser fácil de usar, estou aprendendo muito com o mesmo. Obrigada. Parabéns para quem o fez.",2023-10-20 10:25:55
Silvano Evangelista ferreira,4,"Muito bom, porém falta uma forma de recuperar os corações, como por exemplo, assistir um anúncio para recuperar.",2023-10-18 01:21:46
Enzo André,3,"O aplicativo em si é muito bom, ele explica tudo de uma formal mais fácil, mais o lado ruim é que seus corações voltam a cada 2 horas, e não voltam por inteiro, voltam 1 em 1, poderia ter uma opção para fazer seus corações voltar, nem que tenha que assistir um anúncio, pq com moedas não está dando certo",2023-10-13 18:20:20
Jeremias Lucas,5,"sensacional, é muito interativo é fácil de compreender.",2023-10-12 18:07:22
Marcelo Levi,5,"Eu tenho estou tendo dificuldade em aprender programação, mas esse aplicativo está me ajudando muito a entender",2023-10-12 15:52:49
Jessica,5,"meeeu não achei que HTML seria tão fácil explicação bem direta e objetiva fácil interação meu, gostei ,gostei muito, muuuuito bom! EXCELENTE! continuem assim com o app na minha opinião ele tá muito bom .",2023-10-11 18:23:38
Kevin Fernando,5,bem bom mais eu acho que poderia melhora na tradução de criação dos textos mais o aplicativo e muito bom,2023-10-10 14:13:03
Ger S.o,5,"adorei, mas gostaria que a resolução ou o quando avisa o que errei estivesse também em português.",2023-10-10 08:07:43
ger funes,5,es fácil,2023-10-09 22:53:34
Henrique Farias,5,"Até agora nada ruim, excelente app!",2023-10-09 08:27:34
Thiago Chamberlain,3,"Muito impressionante! Curti até comprei a assinatura, gostando muito de aprender 😁 odeio muito quando eu respondo corretamente um desafio, e o sistema do app diz que você está errado, mas quando você opta por ver a resposta, é a mesma que o app negou como sua resposta.... 🤦🤦🤦🤦🤦🤦🤦",2023-10-08 18:38:42
figueira figueira,5,Até ao ponto em que estou tudo bem. estou a gostar muito é fácil de aprender.,2023-10-02 08:20:53
M. Clara Rangel,4,"É bom, problema é que é pago",2023-09-30 20:19:00
Arthur Oliveira Rodrigues,5,Super legal só que falta c++,2023-09-29 07:45:38
Renatxnho,4,"Adorei o app. Só gostaria que fosse possível recarregar os corações com anúncios até 5 por dia. Acredito que isso nenhum pro desistiria da assinatura por isso, e ajudaria demais os ""free_players"" a estudar um pouco mais.",2023-09-25 08:21:46
Warlei Junio,5,o aplicativo e muito bom mas podia ter um modo de criar um site para testar seu aprendizado,2023-09-23 23:32:10
Joao Gabriel Galzo Nobre,5,mano e muito legal e encima muito mas os cursos poderiam mais baratos,2023-09-21 21:54:58
Cristiano bongue Pedro,3,O problema é que tudo está em inglês 😭,2023-09-21 19:04:24
Kleiton Lima,5,O aplicativo e excelente e segue em melhorias poderia ter a função se restaurar a jrona de aprendizado,2023-09-21 17:00:46
Tio Noub,2,"o app é bom (pra quem tem a versão paga) O que atrapalha muito é a questão das ""vida"" que são perdidas fácil demais e demoram para recuperar.",2023-09-21 16:20:58
Ingrid Lima,5,"muito fácil de usar, e auxilia muito no aprendizado",2023-09-19 21:15:56
LFIRONDIS SILVA,5,"Simples e fácil, ótimo jeito de aprender",2023-09-19 11:29:50
Dihh,4,Falta a linguagem C,2023-09-19 10:25:52
Sergio Silva,5,Muito dinâmico e de fácil entendimento.,2023-09-19 08:51:59
José Torres,4,Excelente aplicativo para aprender e praticar. Alguns problemas com as traduções de questões e alguns bugs no preenchimento das questões.,2023-09-19 00:12:37
Jean Bohemian (O Boto),2,"É mtt bom para aprender programação, porém possuim uma falha MTT grande q o coloca atrás d outros Apps d aprendizado, no caso é a falta d reabastecimento dos corações através de vídeo d propagandas, já q a outra forma d reabaster é através d dinheiro do jogo ou do mundo real, isso prejudica quem joga por aprendizado, eu msm me peguei empolgado jogando e aprendendo mas quando perco todos os corações, apesar d querer continuar jogando e aprendendo, n posso pois preciso pagar, é mtt.. desanimador..",2023-09-18 22:56:46
Guinno,2,"Bom App, porém não gostei que tem um limite de vidas diárias, isso faz com que o usuário perca o foco.",2023-09-18 12:14:19
Hélcio Ryan Silva,3,Seguindo o modelo de gamificação de ensino. *Senti falta de contraste nas palavras chaves nos textos dos enunciados. *Animações ou figurinhas de incentivo. *A sonoplastia não é muito característica. Mas é um ótima ideia e o app já está bastante polido.,2023-09-17 21:20:43
Luiz Silva,5,"Muito bom, mas poderia ter mais playgrounds gratuitos",2023-09-16 17:44:36
sara Vitória,3,gostaria que mesmo sem entrar no aplicativo avisasse que tem novidade ou mesmo sem me lembrasse para eu entrar no aplicativo,2023-09-15 19:33:09
Lucas miraculous,4,"Gostei, eu pago o pro que me dá direito a recuperar a ofensiva de graça, mas quando não deu tempo de fazer daí eu fiz no dia seguinte não recuperou a ofensiva e eu fiz 2 tarefas era pra recuperar. Não gostei desse parte pq paguei caro e o negócio não funciona.",2023-09-12 07:18:24
Larissa Gabriel,4,"Simesmente amei o app!! Queria muito aprender melhor programação e ele é simplesmente maravilhoso!! Lembra muito o Duolingo na plataforma e gamificacao. Só tem alguns pontinhos que se mudar eu volto aqui e dou 5⭐: 1°Acho que poderia ter pelo menos um protetor de ofensiva como no outro app, pq as vezes não dá mesmo para fazer e perdemos tudo. 2°Acho que poderia ter mais daqueles treinos opcionais, eles ajudam bastante 👍🏻.",2023-09-10 22:24:26
Bruno Caseiro,5,Aplicativo bem intuitivo e de fácil aprendizado!,2023-09-10 14:16:26
;-;,3,"Olha, aconteceu um bug com o App, eu não estou conseguindo terminar a primeira lição, sempre no final, vem uma mensagem dizendo que eu tenho que me conectar com a rede, só que eu estou conectado, abaxei agora, e já apareceu um problema.",2023-09-10 02:43:51
Salomão Veiga,5,"Muito Bom !!! Método de ensino ótimo, se torna fácil entender e aprender a fazer, além de ter espaço para ficar treinando. Posso treinar de onde eu estiver pelo celular. Vou aguardar aparecer alguma promoção para eu adquirir a versão PRO, vale muito a pena ! Estão de parabéns pelo APP",2023-09-05 22:36:58
Laryssa Garcia,4,"Queria registrar aqui, alguns bugs vem sendo recorrentes. Termino uma lição espero o app carregar (em torno de 1 minuto) então tenho que voltar para a página de início, assim perco o meu processo da atividade tendo que refazer tudo do começo. Arrumem, pfvr! Usei o mimo por um curto período antes de começar a estudar programação. Ele é ótimo se você não tem acesso fácil a um computador e só pode usar o celular por enquanto, mas quer muito praticar as linguagens da marcação.",2023-09-05 13:50:29
Evandro Romero,5,"muito bom, fácil de aprender códigos de programação",2023-09-05 08:35:20
Henrique Jose,4,"O app é quase perfeito, aprendi e muito python com ele, pretendo aprender SQL tambem, mas poderiam colocar outra linguagem como ""C"", irei ficar no aguardo pos adorei o metodo de ensino do app",2023-09-04 22:05:47
Matheus BC,5,App maravilhoso muito bom para aprender logo virei PRO pela qualidade do ensino. Só falta atualizar o glossário para PT-BR.,2023-09-04 17:32:36
Edson Rodrigues,2,É tão difícil adicionar português na vossa aplicação?,2023-09-03 19:08:00
neto Martins,5,muito bom! tudo muito intuitivo e fácil de entender,2023-09-02 20:19:13
Imperador,2,O app é bom mais tem um problema eu já completei todos as aulas e avaliações mas mesmo assim não deixam eu passar pra próxima fase,2023-09-02 20:17:28
David Rob,5,"ótimo aplicativo , eu fugia de programação mas agora tô feliz em aprender de forma fácil",2023-09-02 20:00:26
Gustavo Moreira,5,"aplicativo muito bom mesmo, pena que e um pouco caro os planos para quem não tem muita condição",2023-09-02 12:37:19
Lucas Costa Monteiro,5,"Excelente, fácil de aprender, parabéns a toda a equipe.",2023-09-01 13:29:17
Eduardo Neres,5,Muito bom estou aprendendo bem fácil,2023-08-31 19:25:11
Brendon Silva,5,"Gostaria de uma opção para zerar o progresso, realizei os exercícios de forma intensiva e depois de um tempo parei de estudar e agora que estou retornando me sinto meio perdido.",2023-08-30 09:59:59
Yuri Pereira,5,"App excelente para quem é iniciante na programação, me ensinou bastante coisas, o único problema é que as chances são os coração queria que fosse sem eles ia ser melhor para todos, porque sempre quando acaba eu paro de programar e fica chato assim, se pudessem tirar os coração seria o melhor app de programar!",2023-08-30 01:21:38
Luiz Felipe Souza Moreira,5,Muito legal e interativo! Fácil de aprender e ajuda muito a praticar no dia a dia.,2023-08-29 18:53:02
Google Account,5,"Muito bom, fácil didática",2023-08-29 11:24:10
Roberta Lima Resende Sales,4,"O aplicativo é muito bom, ensinando de forma fácil de entender a programação. O único problema é que há vidas(cada erro tira uma vida,há cinco vidas)e para recuperar uma vida ou se gastam 200 moedas(muita coisa)ou é preciso esperar 2horas e 50minutos.Há um erro no qual não é possível praticar,pois a trilha de atividades não carregam.Para conseguir praticar quando o erro citado acima acontece,é preciso desinstalar e reinstalar o app",2023-08-28 21:46:54
Micael Ramos,5,"aplicativo é maravilhoso, torna o aprendizado fácil e divertido",2023-08-27 16:35:49
Kaio Cezar Manoel Gonzaga,5,"O aplicativo é supe intuito, de fácil assimilação e prático. Quero chegar até o final do aprendizado com ele.",2023-08-26 10:51:30
Ramiro,4,um pouco complicado e confuso,2023-08-26 10:26:55
FTR C,5,seria bom se fosse de graça 😃,2023-08-25 22:47:11
joão pedro bueno silva,4,e um aplicativo legal mais poderia ter uma legenda na comunidade porquê eu qualser não sei nada,2023-08-25 22:13:22
Matheus Alves,5,"Ótima didática, porém acho que falta um pouquinho de acertividade em alguns termos usados para explicar determinadas funções para o público iniciante (não é o meu caso mas iniciei o APP como se fosse), assim observei esses pequenos pontos que podem tranquilamente ser revistos e melhorados. Mas isso não tira o mérito geral, por isso minha nota foi a máxima!",2023-08-25 18:05:07
Caio Ferreira,5,"mto bom, achei bem didático, só poderia pular exercícios em caso da pessoa já conhecer programação",2023-08-24 06:28:50
gadiel mejia,5,"muito legal , fácil de entender só que te m um problema eu não tenho dinheiro para ser pro então eu tenho medo de perder td",2023-08-23 09:17:41
Vanessa ._.,5,"Amei e amo demais esse app, mas gostaria que com o tempo fossem acrescentadas outras linguagens como Java por exemplo, q ainda não tem! Só por conta de haver poucas linguagens de programação não é 100% perfeito! Mas fora isso é 99,9999% e ajuda bastante no processo dos estudos.🥰🥰🥰",2023-08-22 12:25:44
Murilo Leite,5,"Simples, fácil e suuuper recompensador.",2023-08-20 00:16:06
Marcia Moreira,5,Excelente! Estou a quase um mês usando grátis e não é lotado de propaganda. Super animada em avaliar compra da versão paga logo que empregada. Continuem assim...,2023-08-19 21:11:43
XSPERT,5,"Perfeito, ótimo app para quem deseja aprender a programar, tem python, html, javascript. Ele tem uma interface bonita e limpa, na versão gratuita são exibidos anúncios só após o final da lição, recomendo 100%",2023-08-19 16:10:59
jeff,1,Engraçado paguei o pro duas vezes e por duas vezes recebi um reembolso e o cancelamento da assinatura.,2023-08-18 23:04:32
Maria Sophia Dias dos Santos,5,"adorei, muito fácil de aprender! ótimo aplicativo",2023-08-18 00:58:05
Hezequiel,5,"Achei muito bom, fácil de aprender e bem divertido. Não é maçante e não enjoa fácil",2023-08-17 21:00:32
Marlon Bitencourt,5,"Gostei bastante, o APP é muito bem explicativo e prático, bem fácil de utilizar e aprender.",2023-08-15 10:05:45
ARLISSON SILVA BEZERRA,5,bom de mais fácil pra mim,2023-08-15 00:19:28
Erick Duarte,5,"Ótimo app, fácil simples e divertido lembra a dinâmica do duolingo",2023-08-12 07:29:11
Vicente G,3,"Gostei muito do Aplicativo, bem prático, só tive um problema que ainda não consegui resolver. Me ofereceram uma promoção para me tornar Pro, realizei o pagamento, após menos de uma semana minha assinatura foi cancelada, na sessão pagamentos na Playstore consta reembolso do meu pagamento, mas no meu cartão não foi devolvido. Preciso de respostas, pois se foi cancelada minha assinatura, preciso que devolva o pagamento.",2023-08-10 13:58:35
Ricco,2,No começo é fácil mas depois ele eleva o nível muito rapido e toda hora você erra aí não dá pra aprender mais,2023-08-10 13:36:02
Crianças Rafa e Endrew,4,O app é muito bom e eu ainda tô no começo porem o sistema de vidas é ruim porque precisa esperar 2 horas para voltar a jogar Tradução para inglês Traduction for english The app is very good and I'm still at the beginning but the lives system is bad because you have to wait 2 hours to play again,2023-08-10 12:58:25
Joaovictor cardoso cruz,5,"ótimo, muito fácil de aprender a programação básica 👍🏼",2023-08-09 20:08:07
Marcos Vieira,4,"Top app pra iniciantes em dev sensacional, poderia ter mais conteúdo em Python, e videos, etc:.",2023-08-09 20:00:02
beto,5,"fácil, prático, perfeito",2023-08-04 14:28:25
Iury Vinicius,5,"O mimo é bem prático é didático, parece difícil no começo más quando você praticar começa a entender melhor como funciona a programação.",2023-08-03 21:14:19
Flavio Almeida,5,"Ótimo aplicativo muito intuitivo fácil aprendizagem , parabéns aos desenvolvedores",2023-08-03 08:28:35
Marcos Souza,5,"Não consigo fazer o pagamento da assinatura Pro, está aparecendo um erro ao comprar a assinatura.",2023-08-02 00:39:45
Andre Mesquita,1,"Aplicativo pago e caro, não informa antes da instalação.",2023-08-01 16:25:23
Bruna Alves,5,"Sou nova no mundo da programação, não sabia absolutamente nada. O app possui uma linguagem de fácil entendimento, fazendo com que qualquer pessoa possa programar. As aulas são parecidas com o Duolingo, eu particularmente gosto assim porque torna o aprendizado mais fácil. Recomendo!",2023-08-01 11:27:15
Natsumi Satiyama,2,"Recebi uma oferta de 50% de desconto para me tornar pro, porém não consigo realizar a compra. Está informando que houve um erro e pede para tentar novamente mais tarde. Antes dessa oferta, não dava erro algum. Propaganda enganosa ou erro de programação?",2023-08-01 06:19:22
Robélia Maria (Sés),5,"eu muito bom gráfico ajuda muito para que não consiga registro gráfico ruim , tem uma comunidade que ajuda muito para iniciantes no MIMO ele consegue aprender de forma muito boa",2023-07-30 18:55:35
Mateus Santos,5,"Agradável, prático e fácil de interagir. Estou ficando viciado nisso... 😀",2023-07-30 15:23:41
Th Almeida,5,Excelente app. Explicações de fácil entendimento,2023-07-30 14:51:20
Fernanda Menezes,1,"Comprei o acesso lifetime, mas não consigo recuperar a assinatura, e só funciona no Android, o pro não funciona no navegador nem o iOS, e depois da atualização que não tem mais as atividades ficou péssimo",2023-07-30 13:54:08
Pequena Tarja,5,"por mais que demore a recarregar as vidas e tenha anúncio, estou amando aprender a linguagem de programação Java neste app",2023-07-29 15:55:34
Beatriz Ramos,5,"O Mimo e sensacional, até agora não percebi nenhuma falha no app, ele Encina a programar de uma forma fácil de entender o que é muito bom.",2023-07-29 11:40:03
Felipe Santtos,5,"App muito bom, fácil de comprender e muito didático",2023-07-26 20:56:51
Davi Reis,5,"Estou aprendendo a programar de um jeito muito fácil sem ter coisas muito complexas. É muito fácil de entender, recomendo!",2023-07-26 16:57:14
Rainer Hoffmann,3,"Ruim, as vidas recarregam em 3:00 cada, ou seja 3×5=15, então temos de esperar 15 HORAS para carregar todas as vidas e também eu não pago R$85,00 para ter vidas ilimitadas e remover os anúncios. Mas pelo lado bom é a interação das crianças com o APP. Não recomendo. MELHOREM.",2023-07-26 11:08:53
Artur Seixas,5,"Aplicativo bonito, interfaces simples e funcionais e de fácil acesso",2023-07-24 22:29:38
Franciny Santos,5,"App perfeito, muito fácil de aprender com ele🥰",2023-07-24 18:33:09
Henrique Silva,5,App incrível! Recomendo. Unica ressalva é que o tempo de recarga dos corações poderiam ser um pouco mais curto 3horas pra carregar 1 coração e muita coisa,2023-07-21 17:43:35
Nouito Pão,4,"Gostei bastante do aprendizado que consegui com o app. tem 2 coisas que não gostei > 1: a facilidade de comentar na comunidade. Não consigo responder aos comentários. 2: o app mostra a resposta da atividade quando eu erro, sendo que podia muito bem me deixar tentar aprender sozinho. Melhorar.",2023-07-21 14:34:12
Batatoide tokuman,5,"Muito intuitivo, fácil de aprender.",2023-07-21 10:16:33
Luciano Gabriel,5,"muito bom, fácil e interativo de usar",2023-07-20 16:21:06
Luiz Fernando,5,Mimo Torna uma experiência mais fácil de aprender,2023-07-19 20:52:47
Pryscyla Souza,5,O app é bem simples e de fácil entendimento até para quem nunca programou. Muito bom.,2023-07-18 13:09:42
Renan Oliveira Paradella,5,"Muito fácil de entender, uma espécie de jogo do tipo duolingo, curti",2023-07-18 10:29:59
MASTERGHOST,4,"Boa aplicação, mas poderia ter tradução para ajudar algumas pessoas que não sabem inglês.",2023-07-17 15:29:29
fronizi,5,"Um aplicativo que torna muito fácil aprender programação, quando possível, quero investir financeiramente. Parece ser uma boa estudar usando ele",2023-07-16 19:42:40
Gustavo Dias Martins,5,Para ficar melhor ainda seria bom se pudesse baixar para fazer algumas aulas offline,2023-07-16 14:45:50
Vitor,4,"O único problema que achei foi os corações, demora dms e não ter formas de repor, já perdi várias sequência pq mas últimas lições eu perdi todos os corações.",2023-07-13 21:57:36
taciane mello,4,Podia ter a opção de praticar para ganhar vidas. Mesmo não tendo é um app excelente.,2023-07-13 11:17:07
Doug Santos,3,"Estou aprendendo muito com o app. Único problema é o lembrete que não está funcionando de jeito nenhum. Já limpei o histórico, o armazenamento e nada de funcionar. Se eu não lembrar de fazer eu perco o dia. Arrumem isso por favor. De resto é só maravilha .",2023-07-10 22:10:41
Renan Ramos da Silva,4,Muito bom. Só não é 5 estrelas pelo valor caro de compra.,2023-07-10 16:02:33
Noemi Games,5,"Realmente impressionante, é um duolingo para programadores. Acabei de começar a faculdade e já está me ajudando MUITO com o básico e melhorar meus conhecimentos já existentes. continuem assim!",2023-07-08 23:05:08
Davi Amaral Lima,5,"muito fácil de usar além de ser muito didático, estou aprendendo muito",2023-07-07 21:18:55
bleider silva,4,"o app e bom só que e estranho ter que aprender criar um site já que quero criar um jogo mais ok,a maior dificuldade que estou tendo",2023-07-06 02:53:57
Arthur,5,"Ensina de forma fácil, simples e intuitiva. Muito bom, recomendo. :)",2023-07-05 11:15:11
Player Ruan,4,da pra aprender mesmo sendo difícil,2023-07-03 10:50:25
Gabriel Camilo,5,"O app é simplesmente perfeito, o único e pequeno problema são os corações que demooooraaaaa pra volta mais o resto tá impecável.",2023-07-03 00:07:25
Luan Henrique,5,"Aplicativo bem interativo, e ensina de forma fácil para quem quer aprender sobre programação. Incrível!",2023-07-02 15:21:55
Vinnyz SX,5,"Plataforma excelente!! Já desenvolvir sites e bots com o aprendizado oferecido pela Mimo, mais pode melhorar... na parte Leaderboard poderia ter uma competição Nacional e Global, as vezes usuários como ""eu"" sinto solitário na plataforma. Então poderia ter um chat Nacional para os usuários.",2023-07-02 13:55:08
Nathalia,4,"O app é quase perfeito, o problema é que alguns exercícios não aparece completo oq prejudica a gente",2023-07-01 17:02:41
Lucas Gabriel,4,"é mt bom, mas tem um único problema que eu percebi, nos desafios onde você deve escrever os códigos de acordo com o pedido, algumas palavras das instruções são cortadas, então não deu para ler direito.",2023-07-01 11:22:06
Ricardo Fernandes,4,estou usando a pouco tempo e já gostei eu só não dou 5 estrelas pq no plano grátis eles demoram muito tempo pra carregar os corações que permite vc continuar estudando se ajustarem isso tipo ver anúncios para ter mais corações eu fazer uma lição e em troca ter mais corações ou se pelo menos diminuíssem o tempo de espera o app ficaria ótimo pq esperar 2 horas pra carregar apenas um coração e muito chato,2023-06-29 11:23:32
Walber Gabriel,5,muito divertido mas poderia melhorar um pouco a qualidade de recuperação de vida por anúncio,2023-06-28 20:45:20
DSilva,5,Ótimo aplicativo para iniciar do zero na programação! Para mim poderia voltar a ter os exercícios que tinham nos módulos antes da atualização.,2023-06-28 20:09:50
Emily De Pietro,5,poderiam adicionar curso de C#,2023-06-27 13:31:25
Wagner Wilson,3,"Uma forma bem didática de aprender o conteúdo, mas poderia deixar um pouco menos automático a entrega das respostas e deixar a pessoa pensar nas opções",2023-06-27 13:18:16
Gilderson Samuel,5,"Este aplicativo e o site, sem dúvidas é o melhor aplicativo do ramo para quem quer estudar, a única coisa que poderia fazer para melhorar ainda mais seria colocar uma legenda no final traduzindo para português os nomes que foram dados as variáveis.",2023-06-27 09:52:21
Filipe Vasconcelos,4,"Alô, desenvolvedores, o app é muito bom! O único problema é que toda vez que aparece ""Calculando Sparks"", ele dá erro e fala que não tem internet. Só funciona na segunda tentativa, tipo, sempre. E isso deixa cansativo ter que fazer tudo de novo. Fora isso o App é excelente. Vocês são feras!",2023-06-25 00:11:36
Mateus Accorsi,5,Comecei a estudar faz três dias e estou achando sensacional. Possui um método fácil e fluido que te estimula a aprender sem se aborrecer.,2023-06-23 22:19:26
Triago N.,5,simples fácil prático e divertido,2023-06-22 22:26:19
Felipe Matheus,5,"Após a atualização ficou mais top ainda, animei de voltar a usar ! Sugestão: Poderia haver como realizar uma prova de nivelamento, para poder avançar direto para o nível mais indicado.",2023-06-21 22:44:33
JD_COALA_ JD,5,"o aplicativo é ótimo, mas poderia não ter essas vidas. e sim deixar livre para aprender. mesmo tendo erros, podia só revisar, e não começar novamente. mas o aplicativo é ótimo.",2023-06-21 11:40:56
Fernanda Frainer,4,"é bom, mas pra iniciantes é extremamente difícil",2023-06-20 22:07:55
Graziela Santos,5,"Muito rápido e fácil de aprender, ótimo app",2023-06-20 17:09:32
FasgamesZz,5,"Bom demais, mas percebo que muitas vezes ele quase que faz tu errar colocando algo que alguém iníciante não saberia, mas gosto mesmo assim de tudo melhorar a comunidade pra brasileiros seria bom",2023-06-20 14:22:18
arthur marques,5,Muito bom facil de aprender fácil de mecher nas coisas muito bem muito bom,2023-06-20 11:38:52
Gustavo,5,"Muito bom, poderia ter mais niveis mas caso ao contrario esse aplicativo é bom demais ajuda bastante a voce entender um pouco mais sobre programação",2023-06-20 08:56:43
Matheus Genehr,5,Excelente aplicativo para aprender a programar completamente de forma extremamente fácil!,2023-06-19 23:48:14
Brandão e texeira,5,"muuuuuuito top, estou anotando tudo e aprendendo muito, e super fácil de aprender quando se explica bem, parabéns ao desenvolvedor",2023-06-19 11:24:56
Ruth Ramos,5,Aprendizado fácil e eficaz!!!...Top.,2023-06-19 11:17:53
Yuri Germuts,5,Aplicativo intuitivo e ensina de maneira fácil. Estou aprendendo bastante. Vale lembrar que comecei do zero!,2023-06-15 22:51:16
Raul Cézar,4,muito bom mas falta vídeo aulas,2023-06-14 18:45:06
Uchiha Mobiles,5,"muito bom o APP, muito fácil de aprender, amei muito",2023-06-13 17:01:01
Sagita1012,5,"Comecei utilizando o Mimo na versão gratuita (que por sinal não inunda o usuário com anúncios chatos), mas logo migrei para a versão Pró, e posso dizer que o Mimo é um app que dá gosto de usar, pq vc consegue ver constantes atualizações (tanto visuais, quanto de conteúdo e otimização). Não utilizo a plataforma como forma principal de aprendizado, mas com certeza é possível se desenvolver MUITO em programação através da plataforma, até porque o caminho de desenvolvimento é literalmente completo.",2023-06-13 09:15:12
francisco benicio Nascimento,5,muito intuitivo e fácil de aprender!,2023-06-11 16:50:58
Isaque Katsui,5,"Muito simples e fácil de compreender, apenas adicionem a tradução português Brasil, por favor.",2023-06-11 05:13:57
Mateus Emanuel Alves Siqueira,5,"Esse app me ensinou em um dia mais do que eu aprendi em 1 semana usando um app concorrente: Explicações simples e detalhadas , questões que envolvem o seu raciocínio e conhecimento sobre o assunto apresentado. Os anúncios? Fiz umas 9 lições e só apareceram dois. É muito simples de se usar o aplicativo e quando você começa a usá-lo ele te ajuda com as funções da interface.",2023-06-10 20:16:51
Leone Santos,5,muito fácil e intuitivo,2023-06-09 23:30:48
JUAN RICHARD (FZN),5,"muito bom, só falta mais explicações dentro das atividades",2023-06-09 22:14:43
Camilo Rafael,3,A tradução não é a melhor difícil compreensão do enunciado fala uma coisa sem clareza e quando faz diz está errado quando vê a resposta entende que a pergunta induz ao error do usuário. Em alguns casos. Tirando isso é ótimo o aplicativo 🫡👏👏👏,2023-06-09 19:32:36
ET,5,É fácil de utilizar e ajuda na memorização.,2023-06-09 18:01:31
Guilherme De Paula,5,"Estou no começo e parece muito interessante e educativo, espero que não haja nenhuma grande interferência no aprendizado o fato de eu não usar o conteúdo pago.",2023-06-09 11:44:58
Danillo Atus,5,Bem simples de usar e fácil de aprender...,2023-06-09 10:29:54
Acélio Filho,1,"Há bugs de layout, no idioma Português. Alguns enunciados cortam partes do texto essenciais para resolver a questão, algumas respostas divergem do enunciado por conta da tradução. Alguns enunciados não aparecem por completo. Exigindo se utilizar da propriedade da adivinhação(em falta). Por ser um app de que utiliza gameficação, o app ""te rouba no jogo"" quanto te impede de acertar. Reduzir para o menor tamanho do texto nas configurações do aparelho melhora parcialmente. Desistindo e desinstalando",2023-06-09 09:25:56
Maicon Guerra,5,"muito bom. bem prático, difícil é lembrar os comandos kkk",2023-06-09 00:39:00
Guilherme Henrique Probst Stock,5,"App muito bom! Jogabilidade parecida com o duolingo, divertido, facil de aprender!! Top! Melhor app de programação que já encontrei!! Apenas gostaria que houvesse algo como um bloqueido de ofensiva que as vezes tu (literalmente) não tem tempo para fazer a lição diaria pois está compromissado ou podre de cansado, mas fora isso é ótimo!!!!!!",2023-06-08 22:08:13
꧁Maggie Himari꧂,4,"O aplicativo é interessante para quem quer começar a programar, e o sistema é bem parecido com o do Duolingo, o que é um ponto positivo. No entanto, tem o problema dos corações, nós só podemos os ganhar esperando por algumas horas, até aí tudo bem. Mas as outras duas formas de conseguirmos os corações são; obter a versão pro - que é paga, ou então, comprando com as nossas moedas, que só obtemos fazendo as lições. Eu passaria muito mais tempo - como passo no Duo - no Mimo se ele arrumasse isso.",2023-06-04 19:14:46
Nelson Ferreira,5,"O APP é bastante intuitivo, de fácil aprendizagem.",2023-06-04 14:14:10
Luana Flávia,5,"Amei, interessante o aprendizado! Não é difícil de entender o app. 💗",2023-06-04 14:02:02
Warlen Adriano,5,"Excelente aplicativo e vale a pena o Pro, porém poderiam melhorar e colocar todo o aplicativo em português e a traduzir a comunidade para interagirmos melhor. Se puderem responder e acima de tudo puderem ajustar para português vai ajudar bastante.",2023-06-04 11:57:48
Ariel Castro,5,"O aplicativo é muito bom para quem quer aprender e não sabe nada de Programação. Mas o aplicativo poderia informar melhor quanto custa o Mimo Pro, pois deixa os usuários muito confusos. Um dia é 199,99, outro dia é 84,00 e outro dia é 42,00, não especificando se esses valores menores também são pelo anual ou mensal. Tirando isso, o aplicativo é perfeito ! Abraços !",2023-06-04 10:09:08
Luiza Cacciaguerra,4,"Comecei a usar o app agora, mas já posso dizer que ele é ótimo para principiantes na área de programação devido a sua interface intuitiva, lições rápidas e de fácil aprendizado e a raridade de anúncios",2023-06-03 11:10:30
Márcio Roberto,5,"muito bom e super interativo, fácil de aprender!",2023-06-03 02:37:48
Beatriz Gil,5,é muito fácil e legal de aprender,2023-06-02 15:15:49
Kawan Müller,5,"muito bom, o ruim eh que não tem um profissional ""professor "" para ensinar e explicar fora isso eh ótimo app para quem sonha em programação.",2023-06-01 16:54:08
jefferson macedo carvalho,1,"Aplicativo ele é mt ruim pois coisas q js aceita tipo 'ola' ele nn deixa a possibilidade de colocar, no js as variaveis podem receber valores com aspas simples. Também ele manda termina as variaveis com ; mesmo o js nao pedindo e nao sendo obrigatorio e o app fala q é obrigatorio.",2023-06-01 15:29:20
Menor Hack,5,pena que e pago mas vale a pena de mais,2023-06-01 14:49:32
Ronaldy Ataide,3,"Experiência muito boa. Mas há algo que poderiam melhorar. Dava para vocês colocarem exercícios para recuperar corações, ou até mesmo(em último caso) colocarem anúncios. E, se você que está lendo esse comentário também passa por isso, ou irá passar, não deixem de darem as suas opiniões sobre essa questão. Receberam 3 estrelas por isso, mas quando melhorarem mudarei para 5 ESTRELAS!",2023-06-01 07:50:32
Marco Aurélio,5,"Minha satisfação para esse app é 5 estrelas, muito fácil de aprender a programar com ele, então vai o meu obrigado aqui,",2023-05-30 18:52:53
Larissa Souza,5,perfeito!!ele entrega tudo que promete e é tudo bem fácil e bastante explicado.,2023-05-30 11:33:52
Nicollas,4,"Precisa explicar melhor alguns exercícios, porque os conceitos não estão traduzidos para o português, ensinam as ferramentas em inglês sem a tradução o que deixa confuso a experiência do app.",2023-05-30 04:51:40
Karin Rebeca,4,"Gostaria que o aplicativo tivesse a opção de mudar o idioma das configurações para o português, está tudo em inglês, inclusive a comunidade. Gratidão!",2023-05-29 23:35:50
Esther Goçalves Silva,4,o site é muito bom e da para ter ótimo aprendizado porém tem muitos anúncios dele tentando fazer vc a pagar para obter o serviço pro,2023-05-29 18:54:15
Paulo Gabriel,5,"Muito bom para aprender programação sem gastar um real sequer! Estou aprendendo Javascript, e já sei o básico de cor! Ensina muito bem, as lições são fáceis, e você sente que aprende, decora de verdade! É muito melhor que muitos custos por aí que são pagos e caros! Recomendo! Obs: não tem apenas Javascript, tem várias línguas de programação!",2023-05-29 18:52:22
ricardo souza,3,e tipo o duolingo mas de programação é mas difícil é pei tô wim,2023-05-29 14:14:10
Prisma Oliveira (WhixPrism),4,"Aplicativo maravilhoso, porém o tempo de recarga das vidas é MUITO longo,poderia dar a possibilidade de assistir uma propaganda para encher uma vida ou encurtar o tempo de recarga, a tradução em pt-br é meio ruim, misturando elementos do inglês as vezes",2023-05-29 00:09:59
Sarah Santos,5,A maneira mais fácil e divertida de aprender HTML e todo tipo de programação na prática!!,2023-05-28 13:46:32
Cauã Leote,4,"uma ótima ferramenta para aprender a programar o básico do básico, o único problema é que é pago, porém entendo, é uma ótima ferramenta para aprender.",2023-05-28 01:12:13
H.K.L Games,5,"Muito bom, é muito facil de usar, o problema é as vidas como todos os outros dizem",2023-05-27 12:16:53
Higor Ferreira Da Silva,5,"app muito intuitivo e torna o aprendizado da programação mto divertido, tornando programação algo ""fácil"" de entender",2023-05-27 10:15:52
Gelson De Alcides,1,"Dei uma estrela porque o app não tem a versão portugues , e fica difícil perceber e explorar o app",2023-05-25 23:47:55
Roger Camargo,4,é fácil de entender e bem dinâmico,2023-05-25 22:26:05
Daniel,5,muito bom mas poderia ser gratuito tudo,2023-05-25 21:05:00
Duda Catureba,5,"O app é muito bom, ele explica muito bem e tem ótimos exercícios mesmo não tendo uma versão em Português ou em outra língua, mas acho que poderia haver uma forma de recuperar as vidas que fosse mais prática.",2023-05-25 17:05:54
Maycon,4,"O app é maravilhoso, muito didático e intuitivo, parece que foi feito exclusivamente pra mim, só precisa melhorar a tradução para o português, no mais, ele é ótimo para aprender a codificar.",2023-05-25 16:02:37
miopyjj,5,"App Incrível! Semelhante ao Duolingo, que usa uma forma de aprender incrível! a interface é muito fácil e as lições São muito bem feitas, Alem de que o sistema de comunidade é excelente, nunca havia visto antes, Parabéns aos programadores, recomendo MT!",2023-05-25 10:02:04
Evelyn,4,Poderia ter a linguem GML para mim poder treinar essa linguagem para o Game Maker Studio 2,2023-05-25 07:04:55
Otavio Luciano,4,"App incrível só de usar por meia hora já dá pra perceber o quão bom ele é, eu só tenho um feedback, por favor adicionem a opção de pular seções por nível de dificuldade, pois eu sei do básico, e gostaria de pular umas partes, o Duolingo possui isso, por fazer um teste você pode ser jogado numa parte mais avançada da jornada de aprendizado.",2023-05-25 04:11:20
Lucas Oliveira,5,"Sem dúvidas merece 5 estrelas, fácil, intuitivo, pode ser usado por quem não tem noção nenhuma de programação ou pra quem é mais avançado. Excelente.",2023-05-24 22:12:30
Oliver,5,Da pra aprender programação gratuitamente é fácil e rápido recomendo muito,2023-05-24 19:55:12
Henirque Caetano Gomes (GH),5,"top. Fácil, um passo por vez, ja me sinto um hacker kkkkk",2023-05-24 16:27:42
Lucas Santos,5,Até agora tem aido muito dinâmico e fácil aprender. ainda estou no modo de HTML iniciante,2023-05-24 12:56:37
Gesiel Santos,4,"Poderia liberar todos os modulos, assim escolhemos qual começar. Meu ponto era so Sql e Python",2023-05-24 10:12:34
Clevis Souza,5,"App incrível e fácil de aprender! Poxa perdi o cupom para comprar, vale a pena, estou usando o modo free. Porém te limita de aprender mais e mais",2023-05-23 23:19:52
João Carlos (Plump),5,Joguinho fácil,2023-05-23 22:22:55
Ayala Rocha,5,"App perfeito, intuitivo e com linguagem de fácil aprendizagem. ameiii",2023-05-23 20:10:11
Sthefany Brito,5,"Muito bom! Explica de forma fácil e eficiênte para se aprender, além dos testes.",2023-05-23 19:50:53
Pedro Emanuel,5,"e bom dms, fácil de aprender Recomendo muito",2023-05-23 18:52:35
Hêmilly Karoline Porto Delfino,5,"O App ensina muito bem e é fácil entender, essa é a minha primeira vez tentando codificar e confesso que é fácil entender, ensina muito bem, gostei bastante",2023-05-23 10:59:48
Aib Tinker,5,"eu recomendo esse app para pessoas com dificuldades de aprender, assim como eu",2023-05-22 23:18:51
Celso Lima de Souza,5,"Excelente aplicativo, Claro que os valores poderiam ser mais acessíveis aos pequenos estudantes. É pacotes estudantis poderiam ser oferecidos para estudantes de programação da rede pública, pcd, e baixa renda. Mesmo assim estão de parabéns.",2023-05-22 07:40:01
Rubens Miguel,5,"muito bom, apesar de ter baixado ainda agora, já estou estudando e práticando... fazem parecer fácil e bem intuitivo",2023-05-22 00:37:06
Gabriel Henrique Coelho Polizelli,5,"Simplismente incrível! Eu realmente adorei o app. Fácil de entender e aprender, se você tiver vontade, consegue facilmente entender oque fazer, além de possuir uma variedade de coisas pra aprender ainda possui uma comunidade. Repito:simplismente incrível.",2023-05-21 23:55:06
Eduardo Bissoli,5,Gostei mas poderia ter C#,2023-05-21 22:22:44
Felipe B.,5,"Comecei a aprender Python tem poucos dias, e também comecei a estudar por vídeos aulas no YouTube, e algo que senti falta foi de poder usar a função input para praticar códigos dentro do app.",2023-05-21 15:05:28
Leonardo Guimaraes Amaral,5,Simplesmente fácil de aprender.,2023-05-21 11:39:57
Edvaldo Elias Sobrinho,1,Não gostei porque há cobrança sendo que fala que o app é gratuito...,2023-05-21 09:03:10
Rafael Jacaúna,5,"intuitivo, fácil de visualizar e entender o que está sendo pedido nas atividades",2023-05-21 05:34:07
Guaroon,5,"até agora está fácil e rápido de aprender funções de códigos de algumas linguagens de programação, irei voltar aqui mais tarde para dar uma avaliação melhor",2023-05-21 00:53:26
Gabriel Sasaki,3,O app é bom e muito bonitinho. Mas achei muito fácil e poderia ter uma forma de pular etapas rapidamente para quem tem conhecimento. E poderia ter outros tipos de exercícios mais práticos e complexos.,2023-05-20 20:31:32
homofobicogames,5,"Simplesmente Incrível , Ensina muito bem , infelizmente não há a linguagem que gostaria que tivesse (C#) porém não é um grande problema , já que o app é muito bom parabéns aos criadores realmente MT bom",2023-05-20 19:43:52
Victor Martins,5,"além de ser muito fácil e prático, me divirto horrores aprendendo HTML, muito legal de aprender aqui!!",2023-05-20 19:33:28
Davizinho080,4,"muito bom o aplicativo, te ensina programação de uma forma simples e fácil de entender. um único ponto negativo é que tem um limite de 5 vidas, e demora muito para recarregar elas. poderia ter a opção de assistir um anúncio e restaurar uma.",2023-05-20 15:39:48
Leonildo Gomes,4,Achei incrível o app e como ele ensina muito bem além de ter o idioma português más vocês poderiam colocar o curso da programação C# eu adoraria que o curso tivesse no aplicativo,2023-05-20 11:02:01
Rafael Spido,5,"Aplicativo de fácil entendimento, bom layout e prático!",2023-05-20 10:04:51
Maisa,5,"Esse aplicativo é fácil de compreender, coisas que eu não entendia agora tudo faz sentido, além de ser fácil você consegue entender de uma maneira mais fácil, além de parecer o Duolingo",2023-05-19 23:18:14
Mateus Marinho,4,app ótimo só falta a liberação de vida mais fáceis,2023-05-19 19:08:43
NobreFP Royale,5,"Muito bom! Recomendo muito pra quem quer saber sobre programação, é muito fácil não é nada difícil!",2023-05-19 18:43:03
Artur Oliveira,4,Poderia ser 5 estrelas mas temos alguns problemas como o sistema de vida por demorar entr 2 e 3 horas poderia muito bem ser de por exemplo 1:30 horas e também tem o glossário que não está traduzido mas de resto o aplicativo é perfeito,2023-05-19 00:28:19
Dhery,3,"Eu estou aprendendo bem, mas por falta de informação clara e erros na tradução eu acabo errando, fico sem coração e n consigo estudar, fico mt triste com isso",2023-05-17 06:43:39
Leandro Yesher,5,"Poderia ter em português, porém não tive dificuldades por saber um pouco de inglês. 16/05/23 - Agora tem em português! Recomendo",2023-05-16 21:06:38
breno felipe,5,"só acredito que em alguns assuntos poderia ser mais específico e não deixar o tema tão vago sabe, mas fora esse pequeno detalhe tá perfeito.",2023-05-16 21:00:42
Anderson Silva,5,"muito bom, fácil aprendizado 😃",2023-05-15 15:47:15
Guilherme Oliveira,5,"Mano, perfeito. Simplismente incrível. Traduzido, bom sistema de aprendizado, muito bom. Só precisa adicionar algumas linguagens, atualizar outras... E os bots, que não são um problema, pois muitos outros apps famosos utilizam, mas tem em excesso. RECOMENDO D+!!!",2023-05-14 19:52:06
Juan Andrade,5,"ótimo, quase sem anúncios, pratico de se usar, e me ajudou bastante em aprender programação",2023-05-13 16:03:14
Yuri rick,5,"ótimo aplicativo para aprender linguagem de programação com atividades claras e fácil de assimilar, recomendo pra quem queira começar a entender como funciona programação porque as atividades vão mostrando como ficaria se fosse numa página web sem falar no formato de aprendizagem que é em forma de um RPG que se você perde conta vidas como se tivesse fazendo a pessoa não errar pra não morrer, muito bom e divertido de aprender, torando o aplicativo muito divertido e não monótono",2023-05-12 11:36:48
Clark126,5,muito bom ! metodologia fácil .,2023-05-10 19:19:26
Vanuza Patrícia,5,"Gostei muito!!!! Quem fica reclamando não sabe mecher direito, é muito fácil de se entender, tem palavras n traduzidas mas da mais um desafio descobrir oq vc errou , Recomendo muito aprender do zero com muitas linguagem de programação e dicas importantes, tá me ajudando muito, só n gostei do sistema de vidas, poderia ter vidas por anúncio. Bom dms 🗿🍷👍👍👍👍👍👍👍👍👍👍 assinatura: Rayann",2023-05-08 22:26:12
Leandro Junior,5,"Simplesmente o melhor, cumpre com o que promete, não força propagandas a todo o tempo e te incentiva a melhorar a cada dia, mesmo para quem já sabe programar é um passa tempo divertido e ajuda a recordar e gravar alguns detalhes!",2023-05-08 15:39:09
Jhonatan Vasconcelos,5,"Bem intuitivo e facil de usar. Sua interface e exercícios lembram bastante o Duolingo, tendo como foco a repetição de respostas para uma memorização mais facilitada. Os anúncios não atrapalham nem um pouco. Ótimo aplicativo!",2023-05-08 13:12:24
gabriel mitsuro junqueira marui,5,"muito bom o aplicativo, o problema é que ele é bem caro.",2023-05-08 00:45:15
João Cabral,5,Ótimo aplicativo e estou aprendendo muito fácil com ajuda desse aplicativo maravilhoso.,2023-05-07 21:35:42
João Pedro,3,"O app é ótimo e fácil de aprender, porém após essa atualização o app está um muito poluído além de que a porcentagem das lições não está contando com todas as lições já feitas, agora você precisa terminar um tópicoe não só uma lição para começar a contar a porcentagem. Por isso eu preferia a antiga interface do app.",2023-05-07 20:53:38
Jessica Lima,5,"Um ótimo app para iniciantes, fácil de usar. Só fiquei triste porque depois dessa última atualização eu perdi todo o meu progresso. Já havia concluído e estou com certificado de HTML, mas depois da atualização o app voltou a 20%, terei que refazer novamente.",2023-05-07 11:48:36
fernanda pereira,5,"Muito legal a interação do app, é muito fácil o aprendizado. Estou gostando muito. Não é só teoria, tem prática também 🥰",2023-05-07 07:39:27
ANJO film,5,"Uma maravilha, eu não me enporto de assistir anúncios",2023-05-06 08:50:34
Rogério Branco,5,excelente. muito fácil o aprendizado,2023-05-06 07:14:15
Thalles Alexis,1,"Aplicativo e ruim pelo fato de não dar feedback nós erros que vc comete , fora que quando tem esses corações eles acabam e vc espera 30 minutos...",2023-05-06 02:19:33
Karine c. Onezio,5,"Eu amei esse App, antes e estava sem expectativa de vida estava triste comigo mesma por não consegui entender nada e não ter dinheiro pra pagar a faculdade que eu queria porque e muito caro. Agora descobri que a faculdade na área de TI não é muito cara da pra pagar, graça a esse App eu já sei o que eu vou fazer msm que algumas coisas seja difícil eu vou até o fim. Obrigado mimo❤",2023-05-05 09:28:36
Alicia,5,"alguns problemas nas traduções, porém é MUITO bom",2023-05-04 14:17:23
Marujo 83,5,"gostei muito, mas é pago",2023-05-04 11:55:51
Henrique Araujo,5,Vale o Investimento!! Você começa do zero e consegue uma base sólida para estudar de forma fácil e eficaz!,2023-05-02 16:31:59
Marcelo Rodrigues,5,de fácil entendimento e bem intuitivo,2023-05-01 18:56:40
Rafael Spa,5,Um aplicativo legal bem fácil de aprender. Mais poderia ter o PHP também séria legal.Mais de resto é perfeito.,2023-05-01 15:45:41
thais schnabel,5,Para Aprender de forma rápida e fácil programação👍🏻✨,2023-05-01 00:38:35
Speddy_sf,5,perfeito muito simples de aprender a usar realmente busca oque eu queria ñ tem muito anúncio praticamente nenhuma hora muito bom 5☆☆☆☆☆,2023-04-30 23:36:33
Simão ._.,4,"muito legal, dá para aprender e as vidas faz com que você não rush muito e acabe pegando muita informação em pouco tempo (o que pelo menos no meu caso faria eu esquecer logo depois), mas, acho que falta adicionar a linguagem c#, eu vim aqui para aprender c# mas o jeito foi aprender js, ela é uma linguagem muito famosa e boa porém eu preferiria a c#",2023-04-30 14:43:06
João Vitor,5,ajuda em qualquer problema sobre web,2023-04-30 03:43:12
douglas oliveira,5,"muito bom,recomendo pra quem quer aprender de formar inteligente,poderia complementa outras linguagens tipo c++!",2023-04-29 21:03:09
NB01 DA ZL,5,É difícil eu falar bem de aplicativo em.,2023-04-29 17:26:23
Milly,5,"App simples pra entender, cumpre o prometido, forma de aprendizado semelhante ao Duolingo (sendo um ponto super positivo) propagandas suportáveis (no final de cada lição, assim como o outro app) e sem reclamações até o momento Única coisa que incomoda (não chegando ao ponto de ser algo desagradável) são os corações. Poderia ter uma forma de recupera-los sem esperar, fazendo lições de correção, por exemplo. Ele em si é ótimo, recomendo muito!",2023-04-28 14:57:38
Alexandre Pereira (Ale),5,"App muito bom, objetivo, fácil entendimento.",2023-04-26 21:39:07
Montemor,5,"sugestão = ""poderia ter em português""",2023-04-26 11:17:27
Regiane Miranda Cabral (Re),5,"Estou gostando do app, fácil e prático pra aprender.",2023-04-26 08:08:50
Eduardo Villegas,4,"Uma ótima forma de aprender. Porém a tradução em Português em alguns casos é ruim a experiência, por ficar um pouco confuso o entendimento de primeira. É necessário ter atenção.",2023-04-25 20:30:20
Lucas Vieira,4,"O APP é bom ajuda bastante a aprender. Porém esse negócio de limite de vida atrapalha e muito. Dá pra tirar, ou aumentar mais as vidas para ter mais chances de caso errar.. E melhorar mais as traduções para português brasileiro!",2023-04-25 18:05:04
Robison Moreira,5,Fácil e objetivo,2023-04-24 02:52:41
Victor Nunes Alencar,5,"Tudo muito explicativo e perfeito, até os anúncios são bonitos, só vcs baixando pra saber o pq o app é mt bom",2023-04-23 23:14:06
KingamerBR01,2,"Acabei de instalar o aplicativo e encontrei alguns erros tirei print, o que eu achei ruim foi uma das perguntas que foi completamente sem noção ""Qual dessas respostas você acha que é correta ?"" Tinham duas opções 50% de chance de um aluno acertar essa questão, pois eu ainda nem tinha aprendido o que era o tal código, completamente sem noção, a segunda vez que teve um ""erro"" foi quando o aplicativo me deu meu teclado pra mim escrever e quando eu escrevi o aplicativo me deu um erro de resposta.",2023-04-22 19:29:09
Ray Razer,3,"É bastante fácil de entrar e fazer, já comecei e não tenho tanto problema,além de um único, se você acabar errando você perde uma vida e para recuperar uma vida ou precisa gastar moedas ou esperar por volta de 2 horas, se você quiser apreender você não pode falhar em quase nada, e isso meio que desmotiva de você continuar, se o propósito é ficar apreendendo por que teria algo interrompendo de você apreender, mas fora disso é interessante",2023-04-21 15:25:49
Matheus Luz,5,"Só tenho a agradecer aos desenvolvedores. Aprendi muito com o aplicativo e ainda acredito que consiguirei criar meu próprio site a partir dos conhecimentos que tem lá. Pra minha pessoa que não tem recurso pra pagar um curso esse aplicativo foi a salvação. Sei que seria pedir muito, mas gostaria muito que tivesse a parte de node.js assim como tem o react, mas isso já é conversa pra outro momento. 5 estrelas é o mínimo que merecem.",2023-04-21 10:46:22
Flavio de Castro,5,Aplicativo sensacional. Fácil aprendizagem e com explicações bem fáceis.,2023-04-21 02:16:50
Gabriel de Lima Donato,5,Muito fácil de aprender,2023-04-20 02:51:03
El Star Super Cool,4,"O app é bom, como um duolingo de programação. Eu estou dando 4 estrelas porque é meio confuso (pelo menos enquanto estou usando).",2023-04-19 21:27:53
fabio paim,1,Muito bom o jeito que esse app ensina muito fácil progamação acho a facilidade muito boa👌👌👌👌🤯🤯👌👌👍👍🥳🥳❤️❤️ Abaixei uma estrela porque não dava pra continua se agente perde daí complicou pra eu poder aprender😩...AINDA TEM ANUNCIO SÓ PRA GANHA Dinheiro 😩Ainda fazem que a pessoa fique agitada com o leadboard😡e ainda a pessoa espera duas horas só pra ganha UMA vida😵Não desinsistalei ok😤 tira esse bagulho da vida porque é frescura eu acho e ficou muito ruim 😰me senti ainda um idiota🤡,2023-04-19 21:12:09
Felipe Gabriel,1,Em si é bom mas e tudo pago e e caro,2023-04-18 11:21:55
Gabriel Sassati,5,"É um aplicativo excelente, para quem quer começar na área, mas não faz a mínima ideia de como funciona, é uma ótima opção de aprendizagem. O app explica de forma simples e fácil para a compreensão, além de ter exercícios que ajudam para fixar o conteúdo.",2023-04-17 20:53:36
Ludaaro,5,Fácil de perceber e bem estruturado para já,2023-04-17 18:29:13
Kauã Zeira,1,Ruim,2023-04-17 13:24:09
Natan Almeida,5,Uma maneira fácil e divertida para dar os primeiros passos em programação.,2023-04-16 19:47:54
Lucas Silva,5,"Ótimo para aprender programação, mas senti falta da linguagem de programação em Lua",2023-04-16 02:23:28
Wellington maxsuel Santos silva,5,melhor aplicativo para aprender a programar e muito fácil a aprendizagem,2023-04-15 09:41:21
Weney Kisley Monteiro Rocha,4,Comecei hoje e é super fácil de usar e compreender. Vale a pena tentar.,2023-04-14 15:34:19
Jones Silva,5,"aplicativo muito intuitivo, fácil aprendizado. parabéns",2023-04-13 01:49:27
Marcos Bispo,4,"O curso de webdev é bom, mas o de Python falta muito!",2023-04-13 00:08:10
Pedro Vieira,5,é muito bom e fácil de aprender,2023-04-12 17:39:32
Juan Silva,4,"sugiro que coloquem algum método pra ganhar corações, como por exemplo vendo anúncios, esperar 3h por apenas um mísero coração é complicado...",2023-04-10 00:48:00
Luciano Almeida,5,"Muito bom, livre de anúncios exagerados e bem organizado.",2023-04-09 10:56:25
Mariana Karenina,5,"eu gostei muito do aplicativo e estou aprendendo muito, é bem fácil de aprender",2023-04-07 22:55:00
girlane nascimento,5,ótimo app de fácil manuseio e explicar bem,2023-04-07 21:08:46
Ney Hiwerson Missias Ribeiro,5,app pago bom mas é pago mesma pegada do duollingo mas numa versão para programação bom,2023-04-04 23:36:21
Wallace Romão,3,E bom para aprender o ruim e quando você começa sem ele é já tipo na seção 3 fico meio chato ter que aprender tudo do zero podia tem uma opção para pular algumas seções tipo uma prova,2023-04-04 22:57:04
Murillo H Araujo,2,"Usa-lo por apenas 7 dias gratuito é ridículo, assim cobrança automática dos R$ 199 anuais após... Ou tudo ou nada para adiquirir. Muito caro para se comprometer, há muito conteudo na internet de graça para investir as cegas. Falta um preço justo, ou um preço mensal razoável ou então um preço escalonado.",2023-04-04 22:13:37
Rafael,3,"Muito bom, ele faz bastante perguntas e ensina bastante! Só que o problema é que ele nem te ensina umas coisas, e depois te perguntam sem você saber disso ainda, e se errar perde uma vida e tem que esperar...",2023-04-04 18:22:55
Kauane Correa Matos,4,"É um app realmente muito bom para aprender a programar. Só penso que poderia ser melhor a tradução pra português, pois em alguns momentos algumas palavras não ficam traduzidas, além de que a parte do Glossário está totalmente em inglês. Também seria bom adicionar um método pra conseguirmos corações quando acabassem, como assistir anúncio ou até praticar pra ganhar vidas. Vi que há alguns exercícios onde simplesmente corta parte do que é preciso fazer, fazendo com que eu perca vidas.",2023-04-03 23:37:02
Sublima Mundo,5,"amei o aplicativo,muito fácil e prático de se aprender",2023-04-03 18:31:59
Kevin teles,5,"Sensacional! Baixei para começar aprender do zero e esse app é excelente pra isso meu segundo dia e já aprendi bastante. Excelente interface e de fácil entendimento, além das questões didáticas que ele apresenta.",2023-04-03 17:32:57
Moacyr Batista,5,"O software é maravilhoso para aprender, mas pena que é pago e o valor é proibitivo pra muita gente como eu que não tem condições de pagar. sinceramente eu não me importaria em precisar ver propagandas para utilizar. vai ser uma pena não poder continuar.",2023-04-03 11:03:21
Filipe Moraes,5,Muito bom e didático de fácil entendimento,2023-04-01 12:06:20
Jonathan Garcia,4,"até que é bom esta me ajudando bastante ,porém poderia ter uma voz ou algo que ajude a entender melhor que poderíamos tirar algumas duvidas fora isso até que é muito bom",2023-03-30 17:51:39
Jorge Arruda17,5,"Gostei muito do APP, estou aprendendo bastante com ele, muito didático e tem até modo prática, mas o que poderia mudar era uma opção de assistir anúncios para recuperar as vidas, isso seria muito bom para mim para continuar com as lições sem ter que esperar esperar pra voltar às lições",2023-03-30 11:20:29
João Lucas Corrêa,4,É meio difícil entender no começo mas depois da para entender tudo,2023-03-29 17:22:48
Loki,2,"O app é bem simples e fácil de entender. Porém, quando erra e fica sem os ♡, deveria ter anúncio para recuperar. Também tem a questão do certificado que só pode ter quem é pro :( o que desmotiva bastante.",2023-03-29 01:23:04
Matheus Henrique,5,"bem top, mas o pro poderia ser bem mais barato hein!",2023-03-28 20:42:39
Aynha Alves,4,"Um ótimo aplicativo, muito boa a proposta mas precisa melhorar o envio de informações, tô tentando completar a mesma tarefa umas 3 vezes e mesmo com tudo correto não chega a informação que concluí",2023-03-28 05:13:18
rocktrack,5,"Estava gostando muito do aplicativo, tanto que até comprei a versão pro do mesmo. O problema é que ao avançar em alguns leveis há um problema na visualização do que deve ser digitado pelo usuário, isto incomoda e atrapalha em ganhar xp.",2023-03-27 20:46:54
ivan vitti,5,Muito bom. Pode melhorar na tradução,2023-03-27 17:55:18
Erick Oliveira,5,Aplicativo excepcional! Muito fácil de aprender como funciona os códigos e as linguagens.,2023-03-26 22:58:39
kaike gabriel,5,o aplicativo É bem intuitivo e Fácil com bastante explicações,2023-03-25 00:02:48
Tamim Maciel,5,Melhor app para introdução a programação. Linguagem de fácil entendimento. Parabéns!!,2023-03-23 22:18:06
Isaura Martins,1,"App versão Pro com problemas, desde ontem não consigo acessar as lições. O texto da mensagem de erro mostra as vidas cheias e pede para assinar o Pro para conseguir vidas (?) para acessar as lições, sendo que já tenho a versão Pro.",2023-03-23 22:10:26
Lucas Manze,4,"Muito bom, Estou aprendendo muito mesmo com a versão beta. Mas poderiam adicionar uma função de Escolas para professor e o aulo poderem aprender juntos , Também tendo grupos de amigos. 😄😄😄",2023-03-23 20:43:00
Mn Mm,5,e bom mais tem que dá mais opções pra perguntar pra fica mais difícil e bom estudar com um caderno aí fica melhor o aprendizado ☺️,2023-03-23 17:36:55
Jamila Azevedo,5,"Excelente, intuitivo e de fácil aprendizado",2023-03-22 20:53:48
Marcelo Carvalho,1,"Paguei o plano PRO e o aplicativo está me cobrando novamente, não consigo realizar as lições, gostaria de um retorno.",2023-03-22 20:10:15
Skull Munhoz de souza,5,Achei a plataforma muito incrível e fácil de aprender a programar diferentes tipos de programa. Recomendo!,2023-03-22 10:12:32
Derick Leny,4,o playground é meio que pago...😔,2023-03-21 21:23:26
dark P,1,App pago com 7 dias de teste.,2023-03-20 21:56:04
Elizabeth Santos,5,Muito bom. Me animei pois a forma de ensino é muito fácil de assimilar.,2023-03-20 19:05:15
José João,4,Ótimo aplicativo... a ideia é bem interessante mas o problema é que não tem como mudar de idioma para português,2023-03-19 18:15:04
AIRTON NETO,5,Aplicativo bem intuitivo e fácil de aprender.,2023-03-19 11:33:54
DanielCortez Santos,5,é um ótimo app ele lembra o Duolingo só que de programação ele e divertido e ele é fácil de entender,2023-03-18 18:06:56
Powe_Normie 2077,5,"Ajuda muito programadores iniciantes, além de ser um APP que deixa mais fácil de entender e de memorizar.",2023-03-18 07:46:46
Maria Rosa,5,"muito bom e de fácil entendimento, primeiro dia e eu já tenho uma noção. Antes de usar o APP eu não sabia absolumamete nada de programação.",2023-03-14 14:31:14
Custodio Daniel,2,falta suporte a portugues,2023-03-13 16:42:07
Steeven Waney,5,"O app é muito bom e fácil de mexer, já aprendi muito",2023-03-12 23:21:47
Augusto Andrade,5,muito fácil e divertido,2023-03-12 10:32:04
Nicolas Belmont,5,Tirando a parte de ser completamente pago o aplicativo é muito bom.,2023-03-11 01:43:46
Sara Santos,5,Excelente! O app tem uma forma rápida e prática de ensinar a seus alunos. Achei fácil e bem eficiente para aprender. Acabei de começar e já aprendi muito. recomendo muito esse app.👏tá de parabéns!,2023-03-08 11:04:01
Mcs go araujo P. S.,5,fácil rápido e você ainda consegue uma certificação,2023-03-07 19:02:51
Samuel Benevides,5,Aprendizagem fácil com esse app!,2023-03-07 10:37:18
Pedro Vinicius Mazo,4,"Achei bom, mas poderia ter a função ""input()"" no python",2023-03-04 10:39:17
Patricia mot Pmot8022,5,"Muito então, fácil que o vontade o tempo um pouco a apendicite é muito bom mas devolve para responder e o eu gosto também.",2023-03-03 18:58:33
Davi Gaspari,5,"Por enquanto esta muito bom, o site não laga e nem trava, dá pra estudar não pagando nada, o ruim é não poder ganhar vidas de forma sem ser esperar é gastar os diamantes.",2023-03-03 16:03:21
Gleisson Ribeiro de Araujo,4,Excelente aplicativo! Pra quem não tem como praticar no computador como eu ajuda demais a manter o aprendizado e com bastante exercícios e possibilidades de desenvolver pequenos projetos. Ainda emite certificado que é muito válido pro currículo. A única coisa que falta é colocar no certificado é o TOTAL DE HORAS que cada curso oferece.,2023-03-03 14:43:16
Marceo 9009,5,"Um ótimo app para aprender programação, eu mesmo sabia zero de programação, agora estou começando a entender e aprender, o app é pago mais por um valor justo pelo oq oferece, pois é bem completo!",2023-02-27 17:17:05
Fabricio Freire,5,"Ótimo! Está me ensinando muitas coisas de forma fácil e intuitiva, gostei muito.",2023-02-27 08:21:47
DaviSHARK TV,4,"O app é mt bom, porém, poderia ter menos anúncios, sem o sistema de vidas e mais linguagens de programação como C## e Lua, para o desenvolvimento de jogos, porém é mt bom 😎👍",2023-02-25 00:26:04
Kaiky Conta 3,5,"muito bom,espero que não seja pago,pois não tenho condições,mas é incrível,e isso que eu tenho 14 anos no 9° ano,me interesso bastante por programar coisa,e estou guardando pra comprar um notebook pá programar jogos,valeu galera da Mimo 🗿👍🏻👍🏻👍🏻",2023-02-23 23:15:08
Adriano Casimiro do Ó,1,Aplicativo dificulta o cancelamento da assinatura mesmo q seja 1 dia Apenas.,2023-02-23 02:59:12
Gilderson Samuel,4,"Adoro o app, contudo tem uma coisa para melhorar que seria a possibilidade de estudar pelo PC também, além do Smartphone.",2023-02-22 22:26:05
Kelviin Oliveira,5,"muito fácil e simples de aprender, o melhor que eu achei",2023-02-22 13:42:13
aymer Antonio,5,"Um app excelente, que evoluiu muito, tem até a tradução para português. Mas só sinto falta de outras linguagens de programação como Javascript C++ etc",2023-02-21 08:14:48
Bruna Cestari,5,"Eu adoro o design das aulas, como elas se integram nas lições e a possibilidade de podermos aplicar melhor o que aprendemos com o ""sobrecarregue o seu conhecimento"", além dos projetos. Estou sentindo progresso aos poucos com a ajuda do Mimo e não poderia recomendá-lo mais para quem se interessa em aprender a codar. Preciso mencionar que é o primeiro app que uso que não enfia anúncio na sua cara no meio de um momento de concentração, os anúncios do Mimo sempre aparecem no final da lição.",2023-02-19 17:35:43
Joao Lucas,5,"Cara o que houve que todos os exercícios ficaram embaralhados? Html junto com js depois do nada vem react, o app é ótimo mas poderiam rever isso da bem embaralhado esse Roadmap",2023-02-19 11:44:47
Danilo G. Melin,5,"Excelente app! Parabéns aos desenvolvedores, estou aprendendo a programar. Poderia ter a versão Web, ficaria mais interessante programa no computador.",2023-02-15 16:40:32
Karlos eduardo,5,App noota 10 amei mas acho q deveria ter um novo plano de carreira q significa programação em jogos acho q seria legal saber como funciona códigos q são bastante usado em jogos e etc assim ajudando aqueles q querem aprender programação em games,2023-02-14 22:39:35
Daryus,4,"Aplicativo muito fácil e simples de usar, gostei das explicações e desafios. É uma ótima ferramenta para complementar nos meus estudos, realmente recomendo o app! Nota 9!",2023-02-13 09:36:36
Antonio Basaglia Prior,1,"Quero cancelar assinatura, o que devo fazer ?",2023-02-12 23:39:58
Philipe Mota,4,"O aplicativo é legal, divertido, interface é simples, talvez no futuro alguns arranjos melhores possam ser incluídos, uma tradução do glossário seria legal!",2023-02-11 20:47:42
Gustavo Costa,5,"O app é excelente e a estratégia de gamification ajuda muito a manter a motivação no aprendizado de tecnologias muito utilizadas. Um item que sinto falta é a funcionalidade de visualizar quantas práticas faltam para completar o domínio de uma seção, hoje essa feature só existe na versão desktop",2023-02-11 00:00:42
Fernando Diaz,5,"Eu simplesmente amei o app, fácil interação, fácil de entender, dinâmico, estou aprendendo muito.",2023-02-10 22:14:31
bruno stella,5,"muito bom e intuitivo, o método de estudo desse aplicativo é perfeito e fácil de memorizar",2023-02-10 07:47:18
Diego Pires,5,"excelente app, fácil de aprender e entender",2023-02-07 14:26:46
Claudio João Arce Vilalva junior,3,"Deveria fazer igual o app duolingo, quando acabar as vidas , colocasse anúncios para voltar 1 das vidas após assistir.",2023-02-07 06:25:36
Felipe,5,"Aplicativo muito bom! Super recomendo, poderia passar muito tempo usando. O aplicativo é bom no geral então vou direto ao ponto que me incomodou e acredito que seja a única coisa, quando vamos fazer a prática, para revisarmos o conteúdo que foi ensinado, ainda perdemos vida, isso não deveria acontecer, pois estamos fazendo aquilo para praticar, vi outros aplicativos que possuem essa mecânica de modo prática, mas não descontam as vidas quando erramos, afinal estamos relembrando o que esquecemos.",2023-02-05 09:50:29
João Paulo Araujo de Oliveira,5,"MUITTO BOM.O app ensina fácil e rápido n é que nem aqueles app que vc ""Enjoa"" eles ensinam de um jeito que eu me prendo nos estudos e nem presto atenção no tempo KK.Pode baixar tranquilo que é muito bom👍",2023-02-02 20:26:40
vitor ribeiro,5,legal. muito bacana esse app. achei que só pudesse jogar se colocasse o número de cartão. e fui surpreendido que dá pra usar sem comprar nada. muito prático e fácil. top. vale 5 estrelas,2023-02-01 21:29:48
Felipe,5,"muito top, mas o problema que tem que esperar umas certas horas pra voltar todos os coração",2023-02-01 09:44:40
hogetara,1,"Percebi que algumas perguntas do app estão erradas. Teve uma lição que pedia para eu colocar ""True"" como resposta (sem as aspas). Eu coloquei e errei a pergunta 🤡... Bem, é difícil acreditar que uma coisa dessas vai me ensinar programação. Tô indo testar outro app! Para mim, isso é só uma jogada de marketing para fazer eu errar a pergunta, perder corações e assinar o Pro. (OBS: era meu último coração de tentativa). Enfim, boa sorte para quem tem tempo para perder, vai se arrepender muito.",2023-02-01 02:07:45
Mauro Vieira,5,"Eu recomendo o mimo para quem quer aprender programação. ✍️É muito fácil de usar e aprender, tornando a experiência agradável💻. A interface é intuitiva e os recursos são surpreendentes. Definitivamente merece 5 estrelas ⭐ por sua facilidade.",2023-01-30 07:47:31
Jose Mariano,3,"O app é ótimo, porém poderia liberar mais estrelas apenas 5 te deixa com um sentimento muito apreensivo, deveria ser 15.",2023-01-29 23:48:39
Alan Alves,5,"Mimo só falta UMA ÚNICA função pra você ser 100% ao criarmos projetos eles ficam soltos no Playground, eu sinto falta de uma PASTAS onde eu poderia organizar meus arquivos. Adicionem isso e aí sim com certeza serão o melhor aplicativo de programação de todos!",2023-01-29 11:41:01
alicia nascimento,5,"Melhor e mais facil de aprender, amei a comunidade e não trava !! Não tem anúncios!!",2023-01-28 13:11:24
joebased,5,muito legal e fácil,2023-01-27 22:33:18
Edward Richtofen dr,5,legal poderia liberar uma tabela de codigos só de Python caso eu esteja nesse ou dos outros também,2023-01-26 23:25:17
Gabriel Nolasco,5,"vi um post falando sobre e fiquei curioso sobre tal, utilizado muito bom pra relembrar coisas que tinha esquecido, rápido e fácil",2023-01-21 10:59:16
Edinei Santos,5,"Muito bom e prático, método fácil de aprender.",2023-01-20 09:48:17
Danilo Atus,5,Muito bommm!! Bem fácil de aprender. E o design desse app é muito bonito.,2023-01-16 13:07:07
Jose Coelho,3,"O certificado de conclusão é muito simples, não fala nada de carga horária. Deveriam investir numa tradução melhor pro Português. Pois e o mínimo pra quem pagou pra ter a versão Pro.",2023-01-14 13:05:33
Janine Alves,5,É ótimo mas perdi vidas por conta da tradução sem entender o que o inuciado realmente queria. É um problema já que cada vida dura 1h e pouco para ser gerada.,2023-01-13 16:52:00
Luciano Kohler da Silva,1,"Conteúdo bom, porém, anúncios demais (um a cada lição feita) e sistema de vidas, fazendo com que cada erro limite seu aprendizado, quando na verdade deveria ser o contrário (nota, QUALQUER erro, mesmo que MÍNIMO, remove uma de suas vidas, aprender sem errar não é uma maneira viável de aprender, já que aprendemos errando).",2023-01-13 15:11:14
Vitória Pereira,2,"O APP é bom porém quando termino um exercício fala que estou com falha na conexão e perco tudo oq eu fiz, e não é problema com a minha internet pq já usei em dois wfis diferentes e continua a msm coisa",2023-01-11 11:04:10
Rogério Preuhs Di Monaco,1,pago.,2023-01-10 23:05:49
Gamer Brfox,5,O aplicativo é ótimo pra quem é iniciante em programação já pra quem é mais avançado nem tanto mas ainda sim é útil unico problema deste aplicativo é a tradução com alguns erros mas não é algo que atrapalhe na experiência,2023-01-10 08:23:52
Francisca Wetimane,4,"seria melhor se não tivesse anúncios, como o duolingo faz",2023-01-09 16:27:04
Kelly Menezes,5,"Gostei muito da atualização, fácil de usar e entender.",2023-01-08 12:05:01
Pedro Alan Soares,3,Aprendi mais com cursos pagos.,2023-01-07 21:27:36
Gabrielle Durao,4,"Achei o app mt bom comecei hj a pouco tempo mas já adorei fiz minha conta e já estou mostrando para meus amigos, o único motivo de eu n der dado 5 estrelas e pq o app tem dado muitos problemas na hora de abrir quando fui utilizar as lições ficavam normais mas quando eu abria o próprio aplicativo ele n respondia, espero q possa melhorar sobre isso. Gostei mt do aplicativo (olha q eu baixei hj), espero q consigam melhorar o problema. 💫",2023-01-06 14:35:34
Tarcisio Souto,4,"Muito bom, vale a pena baixar e conferir. Eu Comprei a versão Pro e se tornou um dos app que eu mais utilizei por muito tempo, no entanto meu antigo celular quebrou e fiquei 2 meses sem usar o aplicativo ou estudar programação até que comprei um novo, mas agora esqueci várias coisas que gostaria de revisar, mas o aplicativo não tem uma função revisão e nem sequer restaurar progresso (para voltar pro 0%). Por favor inclusão um recurso ""refresh progresso""",2023-01-01 02:01:13
Evan Marc MtB,1,"O app é fácil de usar e reforça aprendizados. Ponto extremamente negativo é sobre as ""vidas"" que, perdidas, quer forçar a compra do app determinando tempo para recuperá-las. Deviam abordar diferença a venda do app e repor as vidas de uma forma prática, pois fica desequilibrado dessa forma. Até pensei em adquirir o app após um tempo de teste, mas depois de ""impor a compra"" estipulando um time de mais de 2 horas para ganhar uma ""vida"", foi totalmente desagradável, desisti!!!",2022-12-31 12:52:36
Jose Lourenço Moura Salviano,5,Comecei a utilizar estou gostando. Só não entendi a questão do pro e uma assinatura mensal ou a compra do direitos de uso de um app sem propaganda.,2022-12-30 04:00:37
Germano Fabiano,4,"Poxa to usando faz pouco tempo, mas o glossário poderia ser em português ajudaria na hora de buscar um codigo esquecido... Falta informações sobre o preço, para se usar o pro*...",2022-12-29 14:54:05
Lizandra Costa,5,"Esse aplicativo nos prova o quanto somos capaz de aprender sem entediar, ele é fácil e interativo. Sua interface também é bastante atrativa. Nunca pensei que estudar programação fosse tão fácil e esse aplicativo me ajuda de forma objetiva e divertida a aprender mais. Se a pessoa não prestar atenção nas perguntas, perde a vida rápido, pois tem alguns truques que nos confunde. Porém, consegui fazer dois módulos completos até perder as 5 vidas. Vai depender de cada um. Parabéns aos desenvolvedores.",2022-12-23 17:55:50
Emerson R.B,4,"Até onde eu usei, eu achei um app útil parar aprendizado. O único problema e o valor da compra do mesmo. Achei um tanto caro.",2022-12-20 16:06:49
Elem Ribeiro,5,"Eu já gostava muito do app mobile, agora estou amando a versão de navegador. Só estou sentindo falta da mesma gamificação presente no app de smartphone. Pra pegar minhas moedas sou obrigado a completar missões pelo celular enquanto posso aumentar meu XP na Web. Sei que os Devs estão se esforçando muito pra entregar a qualidade que eu já tenho visto. E, nesse sentido, estão de parabéns! Congratulations!",2022-12-17 01:23:12
Julio Cesar Precoma,5,"Ótimo, testei varios ""jogos"" no estilo e finalmente achei um em meu idioma e com uma excelente escala de dificuldade.",2022-12-16 02:38:50
Murillo,5,Um app muito bom para iniciantes melhor que muitos que já passam para a parte difícil sem dar um tutorial,2022-12-14 11:48:44
Guilherme Y. Gonçalves,5,"Até agora o app parece bom, mas só tem um problema, o aprendizado é cheio de pegadinhas, o que acaba sendo muito fácil de errar se não prestar bastante atenção, e além das pegadinhas em cada nível, vc tem 5 vidas, o que coloca pressão na pessoa e dificulta um pouco o aprendizado. Fora isso, tem diversos tipos de linguagem de programação e é bem informativo.",2022-12-12 22:50:59
Gabriel Nunes,5,"MANO... simplesmente incrível kkk eu amei esse aplicativo, sério é muuito fácil de aprender, você não precisa se preocupar se está começando certo que eles ensinam tudo direito kk o básico do básico. é bem melhor do que alguns app que baixei. é muito BOM.",2022-12-11 22:39:24
felisberto Bambamba,1,Ruim,2022-12-11 02:01:55
Ito117,4,"O meu problema com esse tipo de conhecimento é memorizar siglas, mas app é ótimo.",2022-12-07 12:10:11
Wendel Matheus,4,"Acredito que a tradução para o português do Brasil precisa melhorar. Noto que erro algumas pelo comando da pergunta não estar tão claro com o contexto, mas dá pra ir se virando. Entretanto, pode ser uma experiência ruim para quem não tem o Pro, pois, nesse caso, podem perder as vidas por falha na tradução do aplicativo. Vale olhar pra isso para não perderem potenciais clientes/assinantes.",2022-11-30 23:55:18
Leticia Lima (Le),5,show! tô gostando. bem interativo e fácil de aprender.,2022-11-27 22:41:12
João Paulo Silva,5,muito fácil,2022-11-26 16:09:37
Rodolfo Oliveira,5,"Excelente aplicativo, muito fácil de usar!",2022-11-26 10:16:20
Alissom Minosso,2,"Essa nova atualização é horrível, agora tá com vidas oque dificulta mais, o problema nem é isso, é que vc não consegue comprar vidas, ou praticar pra ganhar uma, não consegui fazer minha lição á dois dias e vou perder minha sequência, por favor coloquem uma opção de comprar vidas e praticar para ganhar",2022-11-24 20:38:55
Anderson Souza,5,"O App é muito bom, e ainda mais agora em português, agora sim ficou uma maravilha eu já garanti a minha assinatura.",2022-11-21 14:15:01
Felipe Dantas do Nascimento,1,"É pago, não é para pobre é para rico... Vá de Grasshopper!",2022-11-19 08:44:53
Marcos Camargo,5,ele é fácil e prático muito bom para aprender gostei muito,2022-11-17 15:06:01
everaldo saraiva,5,Muito top esse app intuitivo e de fácil aprendizado tem me ajudado muito no início da carreira de programador .RECOMENDO.,2022-11-16 16:13:32
Taty,5,"nunca foi tão fácil aprender programação, aplicativo maravilhoso, nota 10 recomendo",2022-11-14 20:00:21
Chrystian Cunha,5,"Ele é basicamente um Duolingo de programação, e até agora está sendo muito bom, estou utilizando Python, e é ótimo pra fixar melhor todo o conteúdo, não esquecer e etc. Pra quem já conhece a linguagem ou até outras que forem usar no app e vem praticando é meio facinho no começo, mas depois vai ficando mais difícil, mas é muito bom, recomendo bastante pra qualquer um que queira aprender do zero ou até pra alguém com mais experiência.",2022-11-13 01:44:08
mateus lopes,5,"App bastante motivador e fácil de usar. O usuário pode estudar o conteúdo e particar o que aprendeu simultaneamente. Gostei muito da didática usada, pois acelera o aprendizado. App fantástico!",2022-11-12 12:31:37
NotLaag,2,"Aplicativo bom e auto-intuitivo porém limita o quantos você pode aprender por dia utilizando da barra de corações quando se erra perde 1 e se zerar não pode ser fazer missões mais, Até recarregar todos que demoram 1 dia mais ou menos, Ou pagando a versão premium para ter corações ilimitados. Achei bem ruim a parte que para você receber a certificação precisa ter a versão paga, mas o pior é que eles não deixam claro que necessita de pagar para receber a certificação. Mercenária resumindo.",2022-11-10 14:08:17
Hitalo,5,"Excelente, mas poderia ter a versão em português BR",2022-11-10 09:03:43
Piccolo Chave,5,"Excelente app para ensinar a programar, bem didático e mastigado. Pensava ser muito difícil, mas com um toque de paciência eu vou caminhando para melhorar minha experiência. gostaria que tivesse um quiz de tudo que aprendo para reforçar o aprendizado.",2022-11-08 12:36:03
Victor Richard,5,"Ótimo para quem quer aprender, mas seria bom que nas partes que é Premium você ter a opção de poder assistir vídeo para não ficar sem praticar.",2022-11-07 10:21:02
XxLØBÏNHØxX,5,Muito bom!!!! é bem fácil aprender códigos de programação com ele,2022-11-05 20:13:42
Livia Macedo,5,"ainda estou no começo do curso mas por enquanto está bem simplificado e fácil de entender, em outras palavras: parece o Duolingo da programação",2022-11-02 21:35:34
Ione Farias,4,"Usei a versão gratuita por uma semana e gostei bastante, veio uma promoção com 50% de desconto no PRO junto com um cupom de 9 reais que eu tinha aqui na play store e paguei no PRO somente 33,00 reais, só que eu não faço a mínima ideia de quanto tempo dura a assinatura. SE durar 1 mês volto aqui e dou uma estrela, pela falta de informação dentro do aplicativo.",2022-10-30 14:57:56
Christian Filipe,5,bem didático e fácil de absorver para uma pessoa que não sabe programar...,2022-10-29 22:42:51
Gustavo Ribeiro,5,"Sensacional!!! Simples, fácil e interativo. Parabéns aos desenvolvedores",2022-10-29 07:52:16
Lucas Lima,5,"O app é ótimo melhor que tem para aprender a programar, mais falta só uma coisa além de seguir uma pessoa, poder conversar com ela, vocês pretendem colocar um chat ou algo para podermos enviar msg para alguém que seguimos? Fico feliz se me responderem, e coloquem minha ideia no app de vocês, esse ranking de vocês podia melhorar vocês passava uma atividade global onde todos ea fazer aí ea ser avaliado quem acertou quem errou qual melhor lógica de programação",2022-10-28 10:35:02
Marcos Antonio Cardoso Pereira,5,"Muito bom, ensina de uma forma prática e muito fácil.",2022-10-28 08:30:58
Henrique G.,5,"O app é muito bom, tô usando a apenas algumas horas e já aprendi bastante, uma coisa que podia mudar é que os exemplos são em inglês e algumas explicações também, mesmo configurando em português, tirando isso acho que tá muito bom",2022-10-26 21:53:22
Lucas Moretti,5,Muito bom fácil de aprender nota máxima,2022-10-26 06:24:00
Matheus Henrique,5,podia ser mais barato,2022-10-25 23:16:12
tático segurança,5,"ótimo app ensina de maneira prática e fácil para quem nunca teve contato com esse assunto, consegue aprender e por em prática na mesma hora estou gostando muito.",2022-10-23 12:57:36
Neia Titton,4,"Estou gostando do app, mas gostaria da opção de importar fotos da minha galeria para o aplicativo.",2022-10-21 00:31:58
Lara Heloise,5,"Eu adorei esse app, porém não posso pagar a versão premium Se tivesse como assistir uns anúncios para continuar aprendendo seria muito bom🤭",2022-10-19 17:24:08
Akyx,5,"Editando: Colocaram uma versão em português, e isso ajuda muito, Obrigado desenvolvedores pelo seu belo trabalho!. Agora só falta Dark Mode. ( Mas o app já está perfeito, mas seria bom esse modo ).",2022-10-18 01:47:23
Sam Neves,5,Bem fácil de aprender,2022-10-16 15:12:50
Shao Kahnpanda,5,"Melhor aplicativo, eu estava vendo vídeos do YouTube sobre programação, mas não dava em nada, eu não aprendia nada vendo os vídeos do YouTube, mas quando eu baixei esse aplicativo, eu consegui aprender direitinho, esse app ensina direitinho, hoje estou conseguindo aprender a programar python graças a esse aplicativo, eu recomendo para vocês, esse app é sem propaganda, e é 100% grátis, baixem e confiram.",2022-10-16 15:04:29
Leonardo Gobetti,1,"Conclui as lições do desenvolvimento web em 100% porém para obter o certificado tem que assinar o pro 84,99 ! Frustrante ! Poca vida poderiam ter falado no início pelo menos, tem muitos cursos que são gratuitos inclusive o certificado o mimo muitos anúncios o que pode tornar o certificado gratuito . Senti como se todo meu esforço nao tivesse mérito se eu nao pagar pelo certificado.",2022-10-16 10:52:50
Lana Benevides,5,"por enquanto parece ótimo! tenho pensando em ser programadora, um APP assim vai me dizer se eu realmente gostaria de fazer isso",2022-10-14 15:03:49
Rodrigo Castro,5,bem intuitivo e de fácil aprendizagem...,2022-10-13 23:58:29
Marcelo Bertochi,2,"Gostaria de saber o motivo de eu estar convidando amigos para o aplicativo e não estar ganhando 2 semanas de Pró como vocês anunciaram, estou convidando muitos amigos e percebi que eu perdi meu pró. Hoje mesmo entrou um amigo para o aplicativo e não voltei para o Pró. Abaixei minhas estrelas por conta disso.",2022-10-13 18:35:55
Leiliane Sobral,5,"Amei o aplicativo!! Muito bom e fácil de aprender, comecei hoje e ja aprendi um pouquinho!:) Super recomendo<33",2022-10-11 18:51:39
Cauã Pereira,4,tô começando agora mais já achei muito interessante o aplicativo ensina bem eu nunca estudei programação e tô entendendo super fácil não vou dar cinco estrelas ainda pq não vi todas as funções,2022-10-11 17:30:05
Fábio Silva,5,"Um dos melhores apps que já testei. Parabéns! Porém antigamente convidamos amigos e quando aceitos , ganhavamos duas semanas de pro, agora não estamos ganhando 😭 Mas a propaganda continua",2022-10-11 09:19:27
EricK DanieL,4,"o app é excelente, mais muito caro, não tenho condição de comprá-lo, mais estou aprendendo muito, obrigado desenvolvedores.",2022-10-10 07:19:13
Henrique Felipe,5,"Perfeito. Até a estética do app ajuda a aprender, sem contar na didática excelente, que n é só pela repetição, é pelo treino de desenvolvimento de raciocínio pra dps fazer a prática. Só poderia ter mais conteúdo, além do mto que já tem, se tivesse mais seria melhor ainda.",2022-10-09 00:43:03
Gabriela C.,5,"Comecei a usar o app a pouco tempo e estou gostando da forma como é explicado o conteúdo . Senti que foi bem mais fácil do que outros que tentei. Recomendo a tentativa para quem tem pouco tempo para se dedicar, mas aviso que vai querer passar ainda mais tempo aprendendo dentro do app :) .",2022-10-08 18:58:43
Leonardo Pereira,5,"Precisa de resolução quanto ao problema de travar ao final da lição, e ter que a refazer. Mas é muito interessante o app, com as correções vale a compra pelo valor promocional.",2022-10-08 09:11:11
Bruno Sena,1,App pago. 199.00 ou você so pode usar 7 dias de graça.,2022-10-08 09:00:37
Harukzim Da maisa,5,muito bom e fácil de aprender,2022-10-05 21:07:39
Gustavo Lima,1,"Gostei, mas deveria ter um valor mensal e não apenas anual....pq aí poderia ajudar mais pessoas a pagar pelo app!!! Pensem nisso.",2022-10-04 15:49:50
Luan Gomes,5,Mimo é um dos melhores apps disponíveis na Plataforma Mobile Para Aprender Programação / Desenvolvimento Web. A Didática de Como são Transmitido as Informações é bem fácil de Aprender. Many thanks to all of the team,2022-10-03 09:04:27
Giulia Amaral (Giu/Math),4,"Codificação é algo conhecido por ser difícil de aprender, mas cara... esse app consegue exemplificad mto bem as coisas, desde ensinando até relembrando as coisas das aulas anteriores. Só não dou 5 estrelas pq baixei ontem e não posso ter muita certeza.",2022-09-27 07:35:03
Leonardo Paz,5,"Tô aprendendo a programação muito fácil e muito explicativo, um app prático e fácil! recomendo",2022-09-26 22:17:58
Gabriel Eufrozino Peruso,3,"Percebi 2 problemas no aplicativo: 1) Quando você vai relatar um problema o texto fica tudo branco e não dá pra ver nada. Fica branco porque o plano de fundo é branco e o texto é branco. 2) As vezes quando você tenta puxar a página da Web para baixo ela não desce, fica travada até certo ponto. Se vocês arrumarem isso ficaria perfeito.",2022-09-25 12:19:54
Cássio Santos Caires (Kasynho),5,"App sensacional. Muito didático, fácil de manusear. A equipe está de parabéns. Sugiro colocar um botão pra traduzir o chat e comentários, melhorar a tradução dos exercícios. Caso precise me coloco como voluntário pra ajudar.",2022-09-25 10:01:07
RD_ Martins,5,"Esse app é muito bom, muito fácil para fixar na mente os códigos",2022-09-23 17:26:12
Júnior Vieira,3,Poderia ter linguagem em C++ e Java.,2022-09-21 23:50:48
Emerson Sá,2,"No começo é bom, mas depois que você vai avançando de nível começa a travar, e trava muito. Não vou pagar enquanto não resolver este problema, isso até desanima porque o aplicativo é bom.",2022-09-21 15:36:17
Anthony Cunha,4,podia ser mais barato que 41 reais a assinatura pois o salário mínimo brasileiro pouco acompanha a inflação e muita gente não pode pagar como eu,2022-09-20 16:58:55
DAKR ATLAS,5,o aplicativo e mt bom explica bem e é fácil de entender,2022-09-17 05:00:56
Rafael Bernardo Costa,5,"Cara, que aplicativo sensacional. Ele, junto mais algum curso na Internet, você consegue a fusão perfeita para se tornar um programador. É simplesmente S E N S A C I O N A L. A interface é bem instruída, você consegue fluir bem entre as páginas, consegue achar fácil cada coisa e ainda existe uma comunidade para você tirar dúvidas com outras pessoas. Isso é magnífico, sem mais nem menos. Me lembra muito o aplicativo de inglês verdinho com cara de pássaro. Parabéns pelo aplicativo!",2022-09-14 23:26:44
Gustavo Almeida,5,"Aplicativo muito bom e fácil de aprender, pena que eu não tenha dinheiro para comprá-lo mas gostaria muito.",2022-09-14 20:21:50
Augusto David,5,"uma proposta interessante para quem quer começar a programar,acho que o sistema de poder programar em python,html e vários outros, mesmo estando no celular é bem interessante e difícil de achar em outros apps.",2022-09-13 22:47:03
Line VItori,5,"É muito legal e fácil de aprender com este App, recomendo muito! :)",2022-09-10 15:06:02
Aline Souza,3,"Muito bom, porém há um erro que aparece no final do exercício, que trava o app e diz que vc está desconectado. É necessário fechar o APP e fazer a lição novamente. Por favor, corrijam esse problema, pois é frustrante terminar uma atividade e ter que refazer.",2022-09-10 09:15:57
Jennyfer Souza,5,Muito bom e aprende super fácil!!!,2022-09-09 18:26:01
Olavo Jesus lucero,5,"legal criei meu primeiro arquivo .HTML e já tinha varia coisas nos primeiro minuto com o app amei demais espero que seja o melhor app de todos da Playstore, mais poderia dar o certificado de graça né? mais tudo bem o que importa e o aprendizado tão bom e divertido do app, até sem o modo pro ele e perfeito! muito melhor que o grasshoper, nele e muito tipo: não sei tem algo estranho nisso, apesar de esse app não ter playground pra fazer o que quiser sem precisar criar pelo gerenciador é perfeito!!",2022-09-06 21:53:34
KMT SOUZA,5,"Estou curtindo o APP, é muito intuitivo e de fácil entendimento.",2022-09-04 00:28:08
Gleydson Almeida,3,"Só tem um problema perdi todo o meu progresso, eu salvei porém não consegui encontrar. O progresso tem que ser salvo automaticatimente sem falar que mudou a sanha do meu Gmail tentando fazer login nesse app",2022-09-03 18:08:52
Gisele Gabriel,5,aplicativo muito eu tenho um pouco de dificuldade de aprender no aplicativo tem uma linguagem mais fácil eu amei,2022-09-03 10:10:33
Felipe Facklam,5,"Muito bom mesmo! Porém seguidamente ocorre um mesmo erro: ao terminar um exercício o app fica travado carregando por um tempo, em seguida avisa que houve falta de conexão com internet, fecha o exercício e não salva o progresso do mesmo. Nas versões anteriores ocorria o mesmo problema.",2022-09-02 01:11:06
Evandro Moraes Contini,5,"muito bom, fácil de entender.",2022-09-01 15:55:30
Guilherme Coelho,1,Precisa melhorar as opções de salvar o que é feito na plataforma e tamb|ém as opções de COMPARTILHAMENTO das informações em LINKEDIN e afins.,2022-08-31 23:55:46
Letícia K. Campos,5,"gostei, interface bem limpa e fácil de entender",2022-08-31 12:41:31
nation ribeiro,5,", é um excelente aplicativo difícil de decifrar Mas é uma ótima experiência nos coloca na era da informática avançada",2022-08-31 07:40:55
André Luis,5,"Aplicativo perfeito, sem sombra de dúvidas o melhor, senti falta do mimo na web, aprender no mimo pela web ajudaria bastante",2022-08-30 13:50:07
Felipe Ferreira,5,forma de aprender é fácil e ajuda a memorizar.,2022-08-29 14:20:02
Teo M. M.,2,"Gastei um tempão, daí descobri que é pago",2022-08-27 09:58:12
Ryan,5,"é um ótimo app para iniciantes , tem lições de fácil entendimento e memorização através da repetição , para quem não tem noção nenhuma de programação eu recomendo muito",2022-08-26 16:15:08
Esther Barbosa,5,"Amei, é um ótimo aplicativo, sem bugs, sem propaganda, e estou aprendendo muito, gosto muito e recomendo ainda mais!!",2022-08-21 22:53:46
Victor Hugo,5,Se não fosse tudo pago seria incrível,2022-08-21 11:46:01
Julio Cesar Ramalho,5,Muito didático e fácil de aprender. Parabéns.,2022-08-20 22:15:19
椿蒼,5,"Eu achei excelente, me animei bastante com o aplicativo e estou entendendo sem nenhuma dificuldade. Ótima performance!",2022-08-19 19:17:40
Terror,5,"Fácil de aprender, não sei se tem, mas um bom curso de fundamentos, lógica de programação e orientação a objetos, ajudaria a aprender mais, e fazer associações corretas. Mesmo sendo pago a versão básica te passa boas noções iniciais.",2022-08-18 14:36:55
Carlos Oliveira,5,"Excelente app para aprender de forma fácil e intuitiva de, como é construída uma página web!",2022-08-14 21:47:33
salomão Felipe,5,"O aplicativo é bem completo, tem uma ótima didática. Já havia terminado um modulo em inglês sem muita dificuldade e agora com a tradução em português ficou ótimo!",2022-08-13 21:44:59
Beck Fernandes,5,falta ser gratis kk é muito bom!,2022-08-13 03:39:36
Caroline Santos,5,"Estou amando o aplicativo. Eu não sabia que era pago, o valor poderia ser menor. Mas, é realmente muito bom.",2022-08-08 23:04:20
Jesse Amorim,3,"1° Estou gostando ativei a conta PRO, mas queria deixar 3 estrelas pois tem alguns projetos que sao grandes, e fica chato no smartphone, pois na minha opniao tinha que ter um congelamento na pergunta pois quando voce digita em um codigo grande, o enunciado some ai fica ruim de saber o que esta pedindo, como e palavras em ingles as variaveis fica dificeis de memorizar para escrever ai tem que ficar subindo toda vez. 2° Poderia Traduzir, variáveis, strings. E opçōes de resposta. Mas somente string",2022-08-07 16:38:51
Lucas Oliveira (Oliveira),5,"cara, é um app que é bem fácil de entender os assuntos e atividade, curtir",2022-08-07 12:28:01
Iago Sousa,4,"Muito bom, pra ser melhor só falta ser grátis",2022-08-06 19:40:47
Tigris Sphingas,5,"Ótimo no que promete, gostaria de mais conteúdo sem a necessidade de ter que pagar",2022-07-31 01:23:14
Adriano de Sousa Teodoro,5,"Muito prático aprender linguagem de programação através desse aplicativo, é fácil, prático e intuitivo ...",2022-07-24 23:40:57
Geovanni Luiss,4,"Aplicativo muito bom recomendo vcs a compra a versão pro, então a falta de 1 estrela 3 para que arrumem o app tá travando assim que termina alguma tabela e quando vai calcula pontos ele trava, tendo que fazer de novo o exercício, os exercícios são muito bons só falta uma coisa para melhorar é a pessoa ver o resultado do que codificou claro que tem uns que aparece mais se vcs fazer em todos faria muito mais sentido o exercício! Recomendo o app versão pro!",2022-07-22 03:07:23
BL NL,4,eles poderia colocar as explicações pra iniciantes um pouco mais claras mas o app é praticamente perfeito,2022-07-21 12:19:13
francisco cosmo,5,"aplicativo ótimo, fácil de entender ótimas explicações, recomendo pra quem q seguir o ramo de programação",2022-07-19 19:40:14
Jonathan Torres,5,Simples e muito fácil,2022-07-14 23:42:36
David Lopes,5,"Prático, fácil e divertido",2022-07-14 01:07:18
Mariana Alves,5,"o método de aprendizado é fácil de entender e o legal é que você pode ""brincar"" com os códigos fazendo testes para ver se dá certo",2022-07-13 19:18:32
phz,5,"é muito bom, só achei caro. se fosse metade do preço. eu compraria.",2022-07-13 07:17:01
Igor Damasio Fernandes,5,"muito bom, fácil linguagem, ótima explicação e didática",2022-07-12 08:31:49
Wellington Silva,5,"aprendizagem fácil e prática, bom aplicativo",2022-07-10 11:41:50
Josimar Machado,5,"Excelente metodologia de ensino, aprender a programar fica muito mais fácil",2022-07-10 11:21:23
Marcos Andre,5,"Muito bom esse App , bem fácil de usar e intuitivo . Estou começando no mundo da programação espero aprender muito com ele .",2022-07-09 15:44:01
Carla Santos,5,"Estou no início dos meus estudos de programação e estava tendo muita dificuldade pra fixar alguns pontos estudados, e estou achando o app excelente, estou muito feliz de ter encontrado",2022-07-07 13:28:48
Chaves Pinto,3,"Fica carote... ☹️ No total até que não, mas sacarem logo uma pipa de massa anual não se torna acessível a todas as bolsas",2022-07-05 17:15:41
LUFFY ZORO,5,"muito bom e viciante e aprendi muito bem, o e melhor nem tem anúncio",2022-07-05 12:01:39
L S,5,Melhorar,2022-07-05 06:42:38
Wanderson Santos,5,"Me surpreendeu. De longe o melhor da sua categoria. Tem algumas coisas a melhorar, como por exemplo alguns travamentos quando se digita alguma tag, mas nada que atrapalhe o aprendizado. Super recomendo 😃",2022-07-02 15:17:38
Tatiane Maciel,4,"É um ótimo aplicativo, mas infelizmente, para mim que sou usuário do J2 Prime estou com uma problema que meu jogo não é 100% brasileiro, eu peço que por favor resolvam esse bug.",2022-07-01 15:46:01
Jhonny Darko,5,"Hi I want to know If The payment is Just once or every month, thanks Gostei muito do aplicativo. Mas gostaria de saber se o pagamento da versão pro é único ou é uma mensalidade.",2022-06-30 23:22:12
Abel Thanos,2,"Está tudo em inglês, poderiam por opção de linguagem para português, nem tem como eu poder usar",2022-06-30 04:56:13
KILLER FF,5,"dahora, só acho que não deveria ser modo pago pq, é um material de estudo, mais quem sou né",2022-06-26 23:40:15
Carlos Eduardo Martins Pozenatto,5,"gostei mt deste aplicativo, pois ensina as mais variadas e importantes linguas de programação, como CSS, HTML e JavaScript. E agora ele ficou melhor ainda! Com esta atualização finalmente poderemos aprender a programar de um jeito mais fácil, pois agora contém a línguagem português.",2022-06-22 17:04:04
Teddy Florencio,5,"app muito boa, gostei muito da interface, fácil de usar goste...",2022-06-20 01:23:45
Jonas Vieira,5,"Ótimo, mas a tradução para português ficou muito ruim. Recomendo manter o texto em inglês.",2022-06-16 17:33:05
felipela,5,"muito bom, bem fácil e divertido de aprender",2022-06-14 13:33:19
Rafaelle Alexianne Oliveira,3,O aplicativo parece ser muito bom para iniciantes. Mas poderia ter versão em português.,2022-06-05 01:29:01
Allexx,1,Poderia te uma tradução em pt Br né,2022-06-04 18:27:36
Esther Sarde,5,"Estou achando muito legar e fácil de entender mesmo em inglês, é bom que força esse outra aprendizado que é muito necessário.",2022-06-03 14:10:27
Laira,4,poderia por favor ter a linguagem em português,2022-06-02 22:10:40
Ricardo Zanin,5,show; falta só uma versão em português!,2022-06-01 18:09:24
Ekson Ezequiel Mude,3,"O aplicativo é muito bom, o factor dele ser em ingles me agrada muito, mais sei que para algumas pessoas pode ser uma dificuldade por isso gostaria que pudessem colocar uma forma de mudar o idioma para português. Parabéns pelo aplicativo, ""Mimo é incrível"", eu recomendo muito a você que esta lendo, a versão é gratuita ""e você pode fazer boa parte das lições offline"", isso tudo na versão gratis, aplicativo incrível. Um forte abraço.",2022-05-28 12:22:31
Ivan Rillo,4,"Isso ajuda muito , tenho aprendido programar, o único problema é que eu não tenho como traduzir para português. Eu não sei inglês acaba complicando o modo . É muito bem explicado porém tenho que usar um celular o mimo, e no outro celular o tradutor! . Português brasil já!!!",2022-05-26 13:42:47
u canall,5,"por enquanto estou gostando, é um pouco difícil pegar os conceitos pois está tudo em inglês mas ""tamo indo""!",2022-05-24 21:08:07
Arthur Ferreira,3,"o app e muito, mas seu único problema é que ele só tem o idioma em inglês, isso dificulta muito para quem está começando agora a entender o básico da programação.",2022-05-11 09:25:05
douglas solon,4,"app bom, pra ficar melhor ele poderia deixar a gente selecionar e copiar as palavras...",2022-05-08 19:34:23
Matheus Monteiro matheus,4,"app excelente, inglês de fácil entendimento, aulas fáceis de entender somente deixa a desejar no quesito linguagem.. recomendaria implantar o português. Mas de resto só tenho elogios.",2022-05-06 22:10:17
Kamyle Sanches,5,Perfeito! muito fácil de entender e prático demais.,2022-05-03 18:21:51
Marcelo Beserra,5,"Muito didático, aprende da forma mais fácil que é colocando em prática e aprendendo com os erros.",2022-05-02 07:47:39
Diogenes Kauam,4,"O app é muito bom, porém só falta tá em português",2022-05-01 22:07:01
Cat Man,1,"O app é bem legal, mas poderia ter a opções de idiomas!!",2022-04-27 20:52:52
Thiago Tensai,4,"App bem natural, com proposta de fácil aprendizado, passo a passo a cada Quiz vai aumentando o nível de conhecimento.Poderiavter a opção de escolher o módulo em questão, mas tem que ir pontuando para liberar os módulos",2022-04-27 06:55:15
Igor Monteiro,5,"Muito bom! App simples, com inglês simples, é fácil de conpreender; parece com um duolingo só que ensina bem melhor, sério muito bom 👏👏",2022-04-26 23:22:17
Giovanni Santos,5,perfeitoooo! só falta ter a versão em português br,2022-04-21 08:43:51
Daniel Fernandes,5,Simplesmente sensacional! Poderiam abrir pra comunidade ajudar a traduzir pra português. Seria ainda mais útil!,2022-04-20 21:28:32
Alecio Alexandre Clementino da Costa,5,"Esse é o melhor aplicativo de curso para programação, só o que faltar é o tradução aí sim seria perfeito e melhor, para nós que estamos a aprender um conhecimento novo.",2022-04-17 15:48:26
Felipe Souza,5,"o app é muito bom, só falta idioma PT-BR",2022-04-15 15:15:53
Paulo Henrique,5,Maravilhoso. Estou aprendendo de forma fácil e no meu tempo sobre HTML.,2022-04-12 10:30:20
Welliton Becker,4,poderia ter uma versão em PT-BR,2022-04-07 02:33:16
Gabriel William,5,"Muito simples e fácil de usar, e ajuda a treinar o básico muito bem.",2022-04-05 17:54:09
